$0,$1,$2,$3,$4,$5,$6,$7,$8,$9,$10,$11,$12,$13,$14,$15,$16,$17,$18,$19,$20,$21,$22,$23,$24,$25,$26,$27,$<0,$<1,$<2
0,0,1,0,0,0,1,0,1,1,1,0,1,1,1,0,1,0,1,0,1,1,0,0,1,0,1,0,18.0,1.0,11.538
0,1,0,1,1,1,0,0,0,1,0,0,0,1,0,1,1,1,0,1,1,0,0,1,1,0,0,1,14.0,1.0,10.914
1,1,1,1,1,1,0,0,0,1,0,0,1,0,0,0,0,0,1,0,0,0,0,0,0,1,1,1,27.0,0.0,10.735
1,1,0,1,0,0,0,1,1,1,1,0,0,0,0,0,0,1,0,0,1,0,0,0,0,1,0,1,24.0,1.0,10.82
1,0,1,1,1,0,1,0,0,1,1,0,0,1,1,1,1,0,0,1,0,1,0,1,0,1,0,0,9.0,1.0,12.329
1,1,1,0,0,0,1,1,0,0,1,1,1,0,0,0,1,1,1,0,0,0,1,0,1,0,0,0,23.0,2.0,12.456
1,1,0,0,0,0,1,1,1,1,1,0,1,0,1,1,1,0,0,0,0,0,0,1,1,1,1,1,15.0,3.0,14.244
1,0,1,1,0,1,0,1,1,0,1,1,0,0,0,1,0,0,1,1,0,1,1,0,1,0,0,1,13.0,1.0,14.126
1,0,0,1,1,0,0,0,0,0,1,1,0,1,1,0,1,1,1,0,0,0,0,1,1,1,1,1,21.0,2.0,10.945
0,0,1,0,1,1,0,1,0,1,0,1,0,0,0,1,1,1,1,0,0,1,0,1,1,0,0,0,17.0,3.0,12.407
0,0,0,1,1,0,0,0,0,0,1,1,0,0,1,1,1,1,1,0,0,0,1,0,1,1,1,1,20.0,3.0,11.403
1,0,0,1,1,1,0,0,0,0,1,0,0,0,0,0,1,0,1,1,1,1,0,0,0,0,0,0,29.0,0.0,7.364
1,1,1,0,0,0,1,1,0,0,1,0,0,1,0,0,0,1,1,1,1,0,0,0,0,0,0,1,18.0,1.0,11.152
0,0,0,0,0,1,0,1,1,0,0,1,0,0,1,0,1,0,1,0,0,1,0,1,1,0,1,1,19.0,1.0,10.413
0,1,0,1,0,1,1,1,0,1,0,1,1,1,0,0,0,0,0,1,0,0,1,0,1,0,0,1,16.0,0.0,12.95
0,1,1,0,0,1,1,0,1,1,0,1,0,1,0,1,0,0,0,0,1,0,1,0,1,1,0,0,16.0,1.0,11.582
0,1,1,1,0,0,0,1,0,1,1,1,1,0,1,1,0,0,1,1,0,0,1,0,1,0,0,0,19.0,2.0,13.022
0,1,0,1,1,0,1,1,0,0,1,1,0,0,0,1,0,1,0,0,1,1,1,0,1,1,0,0,19.0,1.0,12.189
1,1,1,0,1,0,1,1,1,0,0,0,0,0,0,1,0,1,0,1,1,1,0,0,1,1,0,1,21.0,0.0,12.49
0,1,0,0,0,0,0,1,1,1,1,0,0,0,1,1,1,0,1,1,0,1,0,1,1,1,1,0,15.0,2.0,11.613
1,1,1,0,0,0,0,1,1,0,1,0,1,0,1,0,1,1,1,0,1,1,1,1,0,1,1,0,16.0,1.0,14.043
0,1,0,1,0,0,0,0,0,0,0,1,1,1,1,1,1,0,0,1,1,1,0,1,1,0,1,1,16.0,0.0,12.003
0,1,0,0,0,1,0,0,1,0,0,1,1,0,0,0,1,0,0,1,0,1,1,1,1,0,0,0,23.0,2.0,7.614
0,0,0,1,1,1,0,1,0,1,0,0,0,0,0,1,0,1,0,1,0,1,0,0,0,0,0,0,26.0,0.0,9.237
1,1,0,1,1,1,0,1,1,0,1,1,1,0,1,1,1,1,0,0,0,1,0,0,1,1,0,0,8.0,2.0,16.139
1,0,0,0,0,1,0,1,1,1,1,1,1,1,1,1,0,0,0,0,0,0,1,0,0,0,1,0,20.0,2.0,12.451
1,0,0,0,0,0,0,1,0,1,0,1,0,0,0,0,0,1,1,0,1,1,0,0,1,1,0,1,26.0,2.0,9.387
1,1,0,1,1,0,1,0,1,1,0,0,1,0,0,1,1,0,1,0,1,1,1,1,0,0,0,0,18.0,1.0,12.54
0,0,1,1,0,1,0,0,1,1,1,1,1,1,0,1,0,1,1,0,1,1,0,0,1,1,1,1,16.0,0.0,14.611
1,0,0,0,1,1,0,1,0,0,0,1,1,0,0,1,0,0,1,1,1,0,0,1,1,1,1,0,13.0,2.0,12.357
1,0,1,1,1,0,1,1,1,1,0,1,1,1,0,0,1,0,1,1,1,1,1,1,0,0,1,1,12.0,1.0,15.875
0,0,0,1,1,0,1,1,1,0,0,0,0,1,0,1,1,1,0,0,1,1,0,0,0,0,1,1,23.0,0.0,11.948
1,1,1,0,0,1,0,1,0,0,0,0,1,1,0,0,0,1,1,0,0,0,0,0,1,1,1,1,22.0,0.0,13.042
0,1,1,1,0,1,1,1,0,1,0,0,0,1,0,1,1,1,0,1,1,1,0,0,0,1,1,1,18.0,0.0,15.209
0,1,1,0,0,0,0,0,1,0,1,0,1,0,0,1,1,0,1,1,1,0,1,0,1,1,1,0,15.0,1.0,12.365
1,0,1,1,1,1,0,0,1,0,1,0,1,1,0,0,1,1,1,1,1,0,1,1,0,0,1,1,12.0,2.0,13.361
1,1,0,0,0,1,0,1,1,1,1,0,1,0,0,0,1,1,1,1,1,1,1,0,0,1,0,0,14.0,1.0,13.661
0,0,0,1,1,1,0,0,0,0,0,1,1,1,0,1,0,0,1,1,1,1,1,0,0,0,0,0,19.0,0.0,10.078
0,0,1,0,0,1,0,0,1,0,0,1,1,1,1,1,0,1,1,0,0,0,1,1,1,1,0,0,15.0,1.0,12.168
0,1,0,0,0,0,0,0,0,0,0,1,0,1,1,1,0,0,1,1,0,0,1,0,0,1,1,0,24.0,1.0,8.241
0,1,0,1,1,1,1,1,1,1,0,0,1,0,0,1,0,1,0,0,1,1,0,1,0,1,1,1,15.0,1.0,15.0
0,1,1,1,0,1,1,1,1,1,0,1,1,0,0,0,0,0,0,1,1,0,0,0,1,1,1,1,13.0,1.0,14.985
1,0,0,1,0,1,0,1,0,1,0,1,1,1,0,1,1,1,0,1,0,0,0,0,1,1,1,1,12.0,0.0,16.023
1,0,0,1,0,0,1,1,1,1,0,0,1,0,1,1,0,1,0,0,0,0,0,0,1,0,1,1,19.0,0.0,13.312
0,0,1,1,1,1,1,0,1,0,0,0,1,1,0,0,1,1,1,0,0,1,0,0,1,1,1,1,18.0,0.0,12.769
0,1,1,0,0,0,0,0,0,0,1,1,0,1,0,0,1,0,0,0,1,0,1,1,1,0,0,0,25.0,2.0,7.929
0,1,0,1,1,1,0,1,0,1,0,0,1,1,1,1,1,0,1,1,0,1,1,1,0,0,1,0,9.0,0.0,14.869
1,0,0,1,1,1,1,0,0,0,1,0,0,1,1,0,1,0,0,0,1,1,1,0,0,1,0,1,19.0,1.0,10.39
0,1,1,1,1,1,0,0,1,0,0,0,0,0,1,0,0,1,0,0,1,1,0,0,1,0,1,1,24.0,0.0,9.682
1,0,1,1,1,0,1,0,1,1,0,0,1,0,1,0,1,0,1,1,1,1,0,1,0,1,0,0,17.0,1.0,11.76
0,0,0,0,0,0,0,1,1,1,1,1,1,0,1,1,1,0,0,0,1,1,0,0,1,1,1,1,21.0,3.0,12.049
0,1,1,0,0,0,0,1,1,1,0,0,1,1,0,1,1,1,0,1,0,0,0,0,0,0,0,0,26.0,1.0,11.657
1,0,0,0,1,1,0,0,0,0,0,0,1,0,0,0,1,1,0,0,1,0,0,0,0,0,1,0,27.0,0.0,7.008
1,1,0,1,1,1,1,1,0,0,0,1,0,1,0,1,1,1,0,1,0,0,0,1,0,0,0,1,10.0,1.0,14.621
1,1,0,1,0,0,0,0,0,1,0,0,1,1,1,0,1,0,1,1,0,1,0,0,0,1,1,0,23.0,1.0,10.782
0,1,0,0,1,1,0,1,1,1,1,0,1,0,0,1,1,1,1,0,1,0,1,0,1,1,1,0,11.0,2.0,15.185
0,1,0,0,1,1,0,1,0,1,1,0,0,1,0,0,0,1,0,0,0,1,1,0,1,0,0,1,16.0,1.0,10.529
0,0,0,1,0,1,0,0,1,1,0,0,1,0,1,0,1,1,1,0,1,0,1,0,0,1,1,0,21.0,1.0,10.798
1,0,0,0,0,1,1,1,0,0,1,1,0,1,0,0,0,0,0,0,0,0,1,0,0,1,1,0,29.0,1.0,9.091
1,0,1,0,0,0,1,0,0,0,0,0,1,1,1,0,1,0,1,1,1,0,0,1,0,0,1,1,21.0,0.0,9.949
0,1,1,0,0,0,1,0,0,0,1,1,0,0,0,1,0,1,0,1,1,0,0,0,1,0,0,1,21.0,2.0,9.522
0,1,0,0,1,1,1,0,1,0,1,0,1,1,0,0,0,1,0,1,1,0,1,0,0,0,0,1,18.0,1.0,8.941
1,0,0,1,0,0,1,0,1,1,1,1,0,0,0,0,0,1,1,0,0,0,0,1,1,1,1,1,25.0,3.0,10.877
1,0,0,0,0,1,1,1,1,0,0,0,1,1,1,0,1,0,0,0,1,1,0,0,0,0,0,1,24.0,0.0,10.856
0,1,1,0,0,0,0,1,1,1,1,1,1,0,1,0,1,0,0,0,1,0,1,0,1,1,1,0,19.0,4.0,13.093
1,0,1,1,0,0,0,1,1,1,1,0,0,1,1,1,1,1,1,1,1,1,1,0,1,1,0,1,9.0,1.0,16.385
0,1,0,0,1,0,1,0,0,1,1,0,0,0,0,0,0,0,0,1,1,0,1,1,1,0,0,0,27.0,3.0,5.503
0,1,0,0,1,1,0,0,1,0,0,1,0,0,0,0,1,1,0,0,0,0,1,1,0,1,0,1,29.0,2.0,7.501
1,1,1,1,1,1,0,1,0,0,1,1,0,0,0,1,0,0,1,0,1,1,0,0,0,0,1,0,20.0,1.0,13.615
1,0,1,1,0,0,1,0,1,1,1,0,0,1,0,0,0,0,1,0,1,1,1,1,1,1,0,1,17.0,1.0,12.007
0,0,1,0,0,1,0,0,0,0,0,1,1,0,0,1,1,1,0,0,0,1,1,0,0,1,1,0,18.0,1.0,11.144
1,0,1,0,0,0,1,0,1,0,0,0,0,0,1,1,1,0,0,0,0,0,1,1,0,1,0,1,23.0,1.0,9.962
1,0,0,0,0,1,1,1,0,0,1,0,1,1,1,0,0,1,0,0,1,1,1,1,0,0,1,0,16.0,0.0,11.604
0,0,0,1,1,1,1,1,0,0,0,1,1,0,1,1,1,0,0,1,1,0,1,0,1,0,0,0,12.0,1.0,13.232
0,0,0,0,1,1,1,0,1,1,0,1,1,1,1,0,0,1,1,1,1,1,1,1,1,1,0,1,18.0,2.0,10.931
0,0,1,0,0,0,1,1,1,1,0,0,0,1,1,1,0,1,1,0,1,0,1,0,0,1,0,0,15.0,2.0,12.559
1,1,1,0,0,1,0,0,0,1,1,0,1,0,0,1,0,0,0,0,0,0,1,0,0,0,0,1,21.0,2.0,10.246
0,0,0,0,0,1,0,1,0,1,0,0,1,1,1,1,0,0,0,0,0,0,1,0,0,0,0,1,25.0,1.0,9.372
1,1,1,1,0,1,0,1,1,1,1,0,1,0,1,1,0,1,1,1,0,0,1,0,0,0,0,1,8.0,1.0,16.64
1,1,0,1,0,0,0,0,1,1,0,0,1,0,1,0,1,1,1,0,0,0,0,0,1,1,1,1,22.0,1.0,12.257
0,0,0,0,1,0,1,1,1,0,1,1,1,0,0,0,1,1,1,1,1,1,0,0,0,1,0,0,25.0,1.0,9.953
0,0,1,0,0,1,0,1,1,1,0,0,0,1,0,0,0,1,1,1,1,1,1,1,1,1,0,0,18.0,2.0,11.73
1,0,1,0,0,0,1,0,0,0,1,1,1,1,1,0,0,0,0,1,1,0,1,1,1,0,0,0,21.0,1.0,9.185
1,1,1,1,1,1,1,0,1,0,1,0,1,1,1,0,0,0,0,0,1,1,1,1,1,0,1,1,17.0,1.0,12.948
0,1,1,1,0,0,0,1,0,0,1,0,1,0,1,1,1,1,0,0,0,1,1,1,0,1,0,1,12.0,1.0,13.975
1,1,0,0,0,1,1,0,1,1,1,1,0,1,0,1,1,0,1,0,0,0,1,0,0,1,1,1,19.0,2.0,13.358
1,0,0,1,0,0,1,1,0,1,0,0,1,1,1,1,0,1,0,0,0,1,1,1,0,1,0,1,14.0,1.0,13.514
0,1,0,0,1,1,0,0,0,1,1,0,1,1,1,0,1,1,0,0,0,0,0,1,0,0,0,0,26.0,2.0,7.569
1,1,1,0,0,0,1,1,0,0,1,0,1,0,0,1,0,0,0,1,1,0,1,1,0,0,1,1,13.0,2.0,13.036
1,0,0,0,0,0,1,1,1,1,1,0,0,0,1,0,0,0,0,0,0,1,1,1,0,0,0,0,24.0,1.0,7.831
0,1,0,1,1,0,0,0,1,1,0,0,0,0,1,0,1,0,1,1,0,1,1,0,0,0,1,0,19.0,0.0,9.569
1,1,0,1,0,0,1,0,1,1,1,0,1,1,0,1,0,1,1,1,0,0,0,0,0,1,0,1,18.0,1.0,13.5
1,1,1,1,0,0,0,1,0,1,1,0,1,1,1,0,0,1,0,0,1,0,0,1,1,0,1,0,11.0,1.0,13.664
0,1,1,1,1,0,1,0,0,0,1,1,1,1,0,0,0,0,1,1,1,0,1,0,0,1,1,0,19.0,1.0,11.595
1,1,1,1,0,0,0,0,1,1,1,0,0,1,1,0,1,0,1,0,1,1,1,1,1,0,0,0,17.0,0.0,12.147
0,1,1,1,0,0,0,0,0,0,0,1,1,0,0,1,0,0,0,0,1,0,1,0,0,1,1,0,21.0,1.0,10.394
0,1,0,1,1,1,0,1,1,1,0,1,1,0,1,1,1,1,1,1,1,0,0,1,1,0,1,1,6.0,1.0,16.961
0,1,0,0,0,0,1,0,0,1,1,0,1,0,1,1,0,0,1,0,1,0,0,1,1,0,1,0,16.0,2.0,9.606
0,1,0,1,1,0,1,1,1,0,0,0,1,1,1,0,1,1,0,1,1,0,1,1,1,1,1,1,14.0,1.0,14.076
1,1,1,1,0,1,0,0,1,0,1,0,0,0,0,0,0,1,1,1,0,1,0,0,0,1,1,0,23.0,0.0,10.703
0,0,1,1,0,0,0,0,1,0,1,1,1,0,0,1,1,1,0,1,1,0,1,0,1,1,1,1,15.0,2.0,13.359
0,1,0,1,1,0,0,0,1,0,1,0,0,1,0,0,1,1,0,0,1,0,0,0,0,1,1,0,23.0,1.0,9.559
1,0,0,1,1,0,1,1,0,1,0,0,0,0,0,1,0,0,1,1,0,0,1,0,0,1,1,0,23.0,0.0,11.425
1,0,1,0,0,0,0,1,1,1,1,1,0,1,1,1,0,1,0,1,0,0,1,1,0,0,1,0,15.0,2.0,13.163
0,1,1,1,0,0,0,0,0,0,1,1,1,1,0,0,1,0,1,1,0,0,0,0,1,0,0,0,26.0,1.0,9.723
1,0,0,0,1,1,1,1,0,0,1,0,1,0,1,0,1,1,0,0,0,0,1,1,0,1,0,0,17.0,2.0,11.317
0,1,0,0,1,0,1,1,0,1,1,1,1,0,1,0,0,0,0,1,1,1,1,0,1,0,0,1,21.0,2.0,10.025
0,1,1,0,1,1,1,0,0,0,0,0,0,1,0,1,0,0,1,1,0,0,1,0,1,1,1,1,21.0,0.0,11.105
0,0,1,1,1,1,1,0,0,1,0,0,1,0,0,1,0,0,1,0,1,1,0,0,0,0,1,0,22.0,0.0,10.868
1,0,0,1,0,1,0,1,1,1,0,1,1,0,1,1,0,1,0,0,1,0,1,0,1,1,1,1,8.0,2.0,16.446
1,1,1,0,0,1,1,0,0,0,1,1,0,0,1,0,0,1,0,1,0,0,0,0,1,0,0,1,22.0,2.0,9.498
0,0,1,0,0,1,1,1,1,0,1,0,1,0,1,1,1,1,0,1,1,1,1,0,1,1,1,0,12.0,1.0,15.422
0,0,1,0,0,1,1,1,1,0,1,1,1,0,1,0,1,0,0,1,1,0,0,0,1,0,1,0,16.0,2.0,12.61
1,1,1,0,1,1,1,1,0,0,0,0,1,0,1,0,0,0,0,0,0,1,0,1,1,1,1,1,20.0,2.0,12.085
0,0,1,1,0,1,0,0,0,0,0,1,0,0,1,1,0,0,1,0,0,0,1,0,1,1,0,0,18.0,2.0,10.211
0,0,0,0,0,1,1,1,0,1,1,0,1,0,0,0,1,1,0,0,0,0,1,1,1,0,1,1,21.0,3.0,11.349
0,0,1,0,1,0,0,0,1,0,0,1,1,0,1,1,0,1,1,0,1,0,0,0,1,0,0,0,18.0,1.0,10.276
0,1,0,0,1,1,0,0,0,0,1,0,1,0,1,1,0,1,0,1,0,1,1,1,1,0,1,1,16.0,0.0,9.667
1,0,0,1,1,1,1,0,0,1,1,1,1,0,1,0,1,1,0,1,0,0,1,0,1,0,0,1,17.0,2.0,11.935
0,1,1,1,0,0,0,0,0,1,1,0,1,0,0,1,1,1,0,0,1,0,0,1,0,0,1,0,13.0,2.0,12.087
0,1,0,0,0,1,1,0,1,1,0,0,1,0,0,0,1,1,1,1,0,1,1,1,0,1,0,0,20.0,2.0,9.513
1,1,0,0,1,0,1,0,0,1,1,0,1,0,1,1,0,0,1,1,0,0,0,0,1,0,0,0,20.0,2.0,9.882
0,0,1,1,0,0,1,1,0,1,1,0,0,1,1,0,1,0,1,0,0,1,0,0,1,0,0,0,18.0,0.0,11.334
1,0,0,0,1,1,1,0,1,1,0,0,1,0,0,0,1,1,0,1,1,1,1,0,1,1,1,1,21.0,1.0,11.278
0,1,0,0,1,0,0,0,1,0,0,1,0,0,1,1,0,0,1,0,0,1,0,1,1,0,0,0,21.0,1.0,7.561
1,0,0,0,1,0,0,0,0,1,0,1,1,1,0,0,1,0,1,0,0,1,0,1,0,1,1,1,19.0,2.0,10.209
1,0,0,0,0,1,1,1,0,0,1,1,1,1,0,0,0,0,0,0,1,0,0,0,0,1,1,0,28.0,1.0,9.77
1,0,0,0,0,1,1,1,1,0,0,0,1,1,0,0,0,0,0,1,1,1,1,0,1,0,1,0,20.0,0.0,11.086
1,1,0,1,0,0,1,1,1,1,1,0,1,1,0,0,0,0,0,0,1,0,1,0,1,1,0,1,17.0,1.0,13.153
1,1,0,1,0,0,1,0,0,0,0,0,0,0,1,0,0,1,0,0,1,0,1,0,1,0,1,0,20.0,0.0,9.037
0,0,0,1,0,1,1,1,1,0,1,0,1,1,0,0,0,1,0,1,0,1,1,0,0,1,0,0,13.0,0.0,12.458
0,0,0,0,0,1,0,1,0,1,0,1,1,0,0,0,0,0,0,0,0,0,0,0,0,0,1,1,33.0,2.0,7.804
0,1,1,1,1,1,0,1,1,1,0,1,0,1,0,1,1,1,1,0,1,1,0,1,0,1,0,0,8.0,1.0,16.545
0,1,0,1,0,1,1,1,0,0,0,1,1,0,1,0,1,0,0,1,1,1,0,1,1,0,0,1,14.0,1.0,12.828
0,1,1,0,0,1,1,0,1,1,0,0,1,1,1,1,0,0,1,1,0,0,0,0,0,0,0,0,26.0,1.0,10.585
1,1,1,1,1,0,0,0,1,1,0,0,1,0,0,1,0,0,1,1,1,1,0,1,1,1,1,1,15.0,1.0,13.852
0,1,0,0,1,0,0,1,0,1,1,1,0,0,0,0,0,0,1,1,1,1,0,1,0,1,0,0,27.0,3.0,7.662
1,1,1,0,0,0,1,0,1,1,1,0,1,0,1,0,1,1,1,1,1,1,1,0,1,1,1,0,15.0,2.0,14.134
0,0,0,1,1,0,0,0,1,1,0,1,0,1,1,1,0,0,1,1,1,1,0,0,0,0,0,1,18.0,0.0,10.531
0,1,0,0,1,1,0,1,0,0,1,0,1,0,0,0,0,0,0,1,0,0,1,0,1,1,1,1,22.0,1.0,10.254
1,0,1,0,0,0,0,1,1,1,0,0,0,1,0,0,1,0,1,1,0,1,1,0,0,0,1,0,18.0,1.0,11.417
1,1,1,1,0,1,1,0,1,0,0,0,1,1,1,1,1,1,0,0,1,0,1,0,1,0,1,0,10.0,0.0,15.234
1,1,1,1,1,1,0,1,1,0,1,1,1,0,0,0,0,1,0,1,0,0,0,0,0,1,0,1,22.0,2.0,13.54
0,1,0,0,0,0,1,0,0,1,1,0,0,0,1,1,1,1,0,1,1,0,1,0,0,1,0,0,16.0,3.0,9.348
1,1,1,1,1,0,1,0,0,0,1,0,1,1,1,1,1,1,1,0,0,1,1,0,0,0,1,1,9.0,0.0,15.529
1,1,1,0,1,1,1,1,1,0,1,0,0,0,1,0,0,1,1,0,0,0,1,0,0,1,0,1,17.0,2.0,13.487
0,1,1,1,0,0,1,1,0,0,1,0,1,1,1,0,0,1,1,0,1,1,0,0,1,0,1,1,17.0,0.0,13.682
0,0,1,1,0,1,1,1,0,0,0,0,1,1,1,1,1,0,0,0,1,1,1,1,0,0,1,0,14.0,0.0,14.151
1,0,0,0,1,0,1,1,0,0,1,1,1,0,0,1,1,0,1,1,0,0,0,0,1,0,0,0,22.0,2.0,10.886
0,0,1,0,0,0,0,0,1,1,0,0,1,0,0,1,1,0,1,1,0,1,1,0,0,0,1,0,18.0,1.0,10.69
1,1,0,0,1,1,1,0,0,0,1,0,1,1,0,1,0,0,0,0,0,1,0,0,0,1,1,1,22.0,1.0,10.355
1,0,0,0,0,0,0,0,1,1,0,0,0,1,1,0,0,0,1,1,1,0,1,1,1,0,1,1,22.0,1.0,8.311
0,0,0,1,1,1,1,0,1,0,0,0,1,0,1,1,0,1,0,0,1,0,0,0,1,1,1,1,17.0,1.0,11.627
1,0,0,1,1,0,1,0,1,1,1,0,0,0,0,0,1,1,1,1,1,1,0,0,0,0,1,0,22.0,0.0,10.683
1,1,1,0,1,0,0,1,1,1,0,0,0,0,0,1,0,0,0,1,0,0,0,1,0,0,0,0,26.0,2.0,9.805
0,0,1,0,1,1,1,1,1,0,0,1,1,1,1,0,0,1,0,1,1,1,0,1,1,1,0,0,13.0,1.0,13.286
1,0,1,0,0,1,1,0,0,1,0,1,0,0,0,1,0,1,0,0,0,0,0,1,0,1,0,1,23.0,3.0,10.344
0,1,1,1,0,0,1,0,1,1,0,0,0,1,0,1,1,1,1,1,1,1,1,0,0,0,1,0,15.0,0.0,13.607
1,0,0,1,0,1,0,1,1,1,0,0,1,0,1,1,0,1,0,1,1,1,1,1,0,1,0,1,14.0,1.0,14.261
0,1,1,1,1,1,1,1,1,0,1,1,1,0,0,0,1,1,1,1,0,1,1,1,0,0,1,0,10.0,2.0,15.733
1,0,1,0,0,1,0,0,0,0,1,1,0,1,0,1,0,0,0,1,0,0,1,1,1,1,0,0,19.0,2.0,9.849
1,0,0,0,1,0,0,0,1,1,0,0,0,0,0,0,0,1,1,1,1,0,0,1,1,1,1,0,26.0,2.0,7.55
0,1,0,1,0,1,1,0,1,0,0,0,1,1,1,1,1,1,1,1,1,0,0,0,1,1,0,0,12.0,1.0,13.387
0,1,1,0,0,1,1,0,0,0,1,1,0,1,1,1,1,0,1,1,1,0,0,0,0,0,0,1,18.0,1.0,11.372
0,1,1,0,0,1,1,1,0,1,1,0,1,1,1,0,0,1,1,0,1,1,1,0,1,0,0,0,17.0,1.0,13.636
1,1,0,1,1,0,1,1,1,1,0,1,1,0,0,1,0,0,1,1,1,1,1,0,0,1,1,1,10.0,1.0,16.563
1,1,1,0,0,0,1,0,0,0,0,1,0,1,1,1,1,0,0,1,1,1,1,0,0,1,0,1,16.0,1.0,12.451
1,0,1,0,1,0,0,0,0,0,0,0,0,0,0,1,0,0,1,1,1,1,1,0,0,0,0,1,24.0,0.0,8.283
0,1,0,0,1,0,1,1,0,1,1,0,1,0,1,1,1,0,1,1,0,1,1,0,1,0,1,1,13.0,1.0,13.117
0,0,0,0,1,1,1,0,1,1,0,0,0,1,0,1,0,1,1,0,0,1,1,1,1,1,1,0,19.0,2.0,10.123
0,0,1,0,0,1,1,0,1,1,0,1,1,1,0,1,1,0,0,0,1,0,1,1,1,0,0,0,15.0,2.0,12.325
0,1,0,0,1,1,1,1,0,1,1,0,0,1,0,0,0,1,1,1,1,1,0,1,1,1,0,0,15.0,2.0,11.574
1,0,1,0,0,1,0,1,1,1,0,0,0,1,0,1,0,0,0,1,0,1,0,1,1,0,1,1,15.0,2.0,12.891
1,0,1,0,0,1,1,0,1,1,1,0,1,0,1,0,1,1,1,0,0,0,1,0,0,1,1,0,19.0,3.0,12.767
0,1,1,1,1,0,0,1,1,0,0,0,0,1,1,1,0,1,1,0,1,0,1,0,1,0,1,1,14.0,0.0,14.096
0,0,1,0,1,0,1,0,1,0,0,1,1,1,0,1,1,1,0,1,1,0,1,0,1,0,1,1,13.0,0.0,13.302
0,1,1,1,1,1,1,1,1,0,0,1,1,1,0,1,0,1,0,1,1,1,1,1,0,1,1,0,9.0,1.0,16.99
0,1,0,1,0,0,1,1,0,0,1,0,0,1,0,1,1,1,1,0,1,1,0,1,1,1,1,0,14.0,1.0,13.995
1,1,1,1,1,1,1,1,0,0,1,1,1,0,1,1,1,0,1,0,0,0,0,1,1,0,1,1,12.0,2.0,16.973
0,0,1,1,1,0,0,0,1,0,0,1,1,0,1,0,1,0,0,1,1,0,0,0,1,1,1,0,18.0,2.0,10.697
0,1,1,0,0,1,0,1,1,1,1,0,0,0,0,0,0,1,0,0,1,0,1,0,0,1,1,0,21.0,2.0,11.772
1,0,0,0,0,1,1,1,0,0,1,0,1,0,1,0,1,1,1,1,1,1,1,0,0,0,1,1,17.0,0.0,12.703
0,1,0,0,0,1,1,1,0,0,0,0,0,1,1,0,1,1,1,1,0,0,0,0,0,0,1,0,26.0,0.0,9.913
0,1,0,1,1,0,1,1,0,0,1,0,1,0,0,1,1,1,1,0,0,1,0,1,0,1,1,1,11.0,1.0,14.58
1,1,1,1,1,1,0,0,1,1,1,0,0,0,0,1,1,0,0,0,1,1,0,0,1,0,0,1,15.0,0.0,13.041
0,1,0,0,1,1,1,0,0,0,0,0,0,0,0,1,1,0,0,0,0,1,1,1,0,1,1,0,26.0,1.0,7.844
0,0,0,1,1,1,1,1,0,1,0,1,0,1,1,1,1,1,1,1,0,1,1,0,0,0,1,0,6.0,0.0,15.491
0,0,0,0,1,0,0,1,1,0,1,1,0,0,1,1,1,1,0,1,1,1,1,1,1,1,0,1,19.0,2.0,10.926
0,1,1,0,0,0,0,1,1,1,1,1,1,0,0,1,1,0,0,0,1,1,1,0,0,0,1,1,19.0,2.0,14.094
1,1,0,0,0,0,1,1,0,0,0,1,0,1,0,1,0,0,1,1,1,0,1,0,1,1,0,1,14.0,0.0,12.442
0,1,1,0,1,0,0,1,0,1,1,0,1,1,0,1,0,0,1,0,1,0,1,0,1,0,1,1,13.0,2.0,13.93
0,1,1,0,0,0,1,0,0,1,1,1,0,0,0,1,0,1,1,1,1,1,1,1,1,0,1,0,19.0,3.0,11.676
0,0,1,0,0,1,0,1,0,0,0,0,0,1,0,0,1,1,1,1,1,0,1,1,1,0,1,0,17.0,1.0,11.107
1,1,0,0,1,0,1,1,1,0,0,0,0,1,1,1,1,0,0,0,1,1,0,1,1,0,0,1,16.0,0.0,12.063
1,1,0,0,0,0,1,0,1,0,1,0,1,0,0,1,1,0,1,0,0,1,0,1,0,0,0,1,14.0,1.0,11.14
0,1,0,0,1,0,1,1,0,1,1,1,1,1,1,1,1,0,1,1,0,0,0,0,1,1,0,1,19.0,3.0,13.007
1,1,1,0,1,0,1,1,1,1,0,0,1,1,0,0,0,0,0,0,1,1,1,1,0,0,1,0,21.0,3.0,12.074
0,1,0,0,1,1,0,0,1,0,1,0,0,1,0,1,0,1,1,0,0,1,0,1,0,1,0,0,16.0,1.0,9.116
0,1,1,0,1,0,1,0,0,1,1,1,1,1,0,0,1,0,1,0,1,1,0,1,0,0,1,0,20.0,2.0,11.455
1,0,1,1,0,0,0,0,0,1,0,1,0,0,1,1,0,1,1,0,1,0,1,1,0,0,0,1,11.0,1.0,11.942
0,1,1,1,0,1,1,0,0,1,0,0,0,0,0,1,1,1,1,1,1,1,1,1,0,1,0,1,20.0,1.0,12.552
0,1,1,0,1,0,1,0,1,1,0,0,1,1,0,0,1,0,1,0,1,1,1,0,0,1,0,1,23.0,1.0,11.636
0,0,1,0,1,0,0,0,0,0,1,0,0,0,0,1,0,0,0,1,0,1,1,1,0,1,1,0,22.0,1.0,7.901
0,0,0,0,0,0,0,0,0,0,1,0,1,1,1,0,1,0,0,0,1,1,1,0,1,0,0,0,28.0,0.0,6.149
1,1,0,0,1,1,1,1,1,0,1,0,0,1,1,1,1,0,1,0,1,1,1,0,0,1,1,0,12.0,1.0,15.211
0,1,0,1,1,1,0,0,1,0,0,0,0,1,1,0,0,0,0,0,0,1,0,0,0,1,1,1,29.0,2.0,7.948
0,1,0,1,1,1,0,0,0,0,0,0,1,1,0,0,0,1,1,0,0,0,0,0,1,1,1,0,26.0,0.0,9.469
0,1,1,1,0,1,1,1,1,1,1,1,1,0,0,0,1,0,1,0,0,1,0,1,1,0,1,0,12.0,2.0,15.533
1,1,0,1,1,1,0,0,0,1,1,0,1,0,0,0,1,0,0,0,1,0,1,1,0,0,0,1,14.0,2.0,10.895
0,0,0,0,0,0,1,1,1,1,1,1,0,0,0,1,0,1,0,0,0,0,0,0,0,0,1,1,32.0,3.0,9.185
1,0,1,0,0,0,0,1,1,1,1,1,0,1,0,1,0,1,0,0,0,0,1,0,0,1,1,0,20.0,2.0,13.138
1,0,1,1,1,1,0,0,0,0,0,0,0,0,0,0,0,0,0,1,1,0,0,0,1,1,0,0,24.0,0.0,7.397
0,0,0,0,1,0,1,0,0,1,0,1,1,1,0,1,1,1,1,1,1,1,1,1,1,0,1,0,14.0,2.0,11.746
0,1,0,0,1,0,0,0,1,1,1,1,0,0,0,0,1,1,1,1,1,0,0,1,0,0,1,1,26.0,4.0,8.397
1,1,0,0,1,0,1,0,0,1,1,0,1,1,0,1,1,1,0,1,0,1,1,0,0,1,1,0,13.0,1.0,12.872
0,0,0,1,1,1,0,0,0,1,1,1,1,0,1,0,0,1,1,0,0,0,0,0,1,0,0,0,26.0,2.0,8.729
1,0,1,0,0,1,1,0,0,0,0,1,1,0,1,1,1,0,1,0,1,0,0,1,1,1,1,0,13.0,2.0,13.032
1,1,0,0,0,0,1,0,0,1,1,0,0,0,0,1,1,1,1,1,1,0,1,0,1,1,0,1,17.0,2.0,11.62
0,1,1,0,0,0,0,1,1,1,1,0,1,1,0,0,1,1,0,0,0,0,0,0,0,1,0,1,25.0,2.0,12.018
1,1,0,0,1,1,0,0,1,0,0,0,1,1,1,0,1,1,0,1,1,0,1,1,1,0,0,1,16.0,0.0,10.486
1,1,1,0,1,1,0,0,0,1,0,0,0,1,1,1,0,1,0,1,1,1,1,0,1,0,1,1,17.0,1.0,12.295
1,0,1,0,0,1,1,1,1,0,1,0,1,0,0,1,0,1,0,0,0,0,0,0,0,0,1,0,18.0,1.0,13.296
1,0,1,0,0,1,0,1,0,0,0,1,0,1,0,1,1,1,1,0,0,1,1,1,0,1,0,0,9.0,1.0,14.319
1,0,0,0,1,1,1,1,1,1,0,1,1,1,0,0,0,0,1,1,0,0,0,1,0,0,1,0,16.0,2.0,12.405
0,1,0,0,0,1,0,1,0,0,0,1,0,1,1,0,1,1,1,1,1,0,0,0,1,0,0,0,19.0,0.0,10.411
1,0,1,0,0,0,1,0,1,1,1,0,0,1,0,1,0,0,1,1,0,1,0,0,0,0,1,1,18.0,1.0,11.532
0,0,1,0,0,0,1,1,0,1,1,1,0,1,0,1,1,1,1,0,0,0,0,0,0,1,1,0,24.0,2.0,12.831
1,1,1,0,0,0,1,1,0,1,1,1,0,1,1,1,0,0,0,1,0,0,0,1,1,0,1,0,15.0,2.0,13.273
1,0,1,0,0,0,1,1,0,1,1,0,0,0,0,1,1,0,0,1,0,0,1,0,0,1,0,0,19.0,2.0,11.682
1,0,0,1,0,1,1,0,0,0,0,1,0,0,0,0,1,0,1,0,0,0,0,0,0,0,1,1,30.0,1.0,8.933
0,1,1,1,0,1,1,0,1,0,1,0,0,1,0,1,1,0,1,0,1,0,0,1,1,1,1,0,12.0,2.0,13.695
1,0,1,0,1,1,0,0,0,0,1,0,1,0,0,0,1,1,1,0,1,0,1,0,0,1,1,1,17.0,1.0,11.515
0,1,0,0,1,0,0,0,1,1,1,0,1,1,1,0,0,0,1,0,1,1,0,1,0,1,0,0,21.0,2.0,8.521
1,0,1,0,0,0,1,1,0,1,1,1,1,1,0,1,1,0,1,0,1,1,0,1,1,0,0,0,17.0,2.0,14.015
1,0,0,0,0,0,1,1,0,1,0,1,0,0,0,1,0,0,0,1,0,1,0,1,0,0,0,1,18.0,3.0,9.64
0,0,0,0,0,0,0,1,0,1,1,1,0,1,1,0,0,1,0,0,1,1,0,0,0,0,0,1,29.0,1.0,7.396
0,0,1,1,0,1,0,1,1,0,1,0,0,1,0,0,1,0,1,1,1,1,0,0,1,1,1,1,16.0,0.0,13.655
1,1,0,0,0,0,1,1,1,1,0,0,1,1,1,1,0,0,1,0,1,1,0,0,0,0,1,0,20.0,1.0,12.884
0,0,0,1,1,1,0,0,1,0,1,1,0,1,0,1,1,0,0,1,0,0,1,1,0,1,1,0,20.0,2.0,10.829
0,0,0,1,0,1,0,1,1,1,1,0,0,0,1,0,0,1,1,1,1,1,1,0,0,1,1,1,16.0,1.0,12.916
0,0,0,0,0,0,0,1,1,0,0,1,0,0,0,0,0,0,0,1,1,1,1,1,1,0,1,0,26.0,2.0,7.131
0,0,1,1,1,1,1,1,0,1,0,1,0,1,0,1,0,1,1,0,1,1,1,0,0,1,0,1,12.0,0.0,15.47
0,0,0,0,1,1,1,0,1,1,1,0,0,1,1,1,1,0,1,0,0,1,1,1,0,0,1,1,15.0,1.0,11.009
0,0,0,1,0,0,0,1,0,0,1,1,0,1,1,1,1,0,1,1,1,1,0,1,1,0,1,1,17.0,0.0,12.439
0,1,0,1,1,0,0,0,1,1,0,1,1,1,1,0,1,1,1,0,1,0,0,1,1,0,0,1,12.0,0.0,12.665
1,1,1,0,0,1,1,1,1,0,1,1,0,0,0,1,1,0,1,0,1,0,0,0,1,1,0,0,14.0,2.0,14.986
1,0,0,0,0,0,1,0,0,1,0,0,1,1,1,0,0,1,0,1,1,1,0,0,1,0,1,1,25.0,1.0,8.839
0,0,0,1,1,1,1,1,1,0,0,0,0,1,1,1,0,0,0,0,0,0,0,1,1,1,0,1,22.0,2.0,11.195
1,1,1,0,1,0,0,1,1,1,1,0,0,0,1,0,1,1,0,1,0,1,1,1,0,0,1,0,11.0,1.0,12.947
0,1,0,0,1,1,1,1,0,0,1,0,0,0,0,1,0,0,1,0,0,1,0,0,1,0,0,1,17.0,0.0,10.806
0,1,0,0,1,1,0,0,0,1,0,1,1,1,0,0,1,0,0,1,0,1,0,1,0,1,1,1,20.0,2.0,9.431
1,0,1,0,0,1,0,1,0,0,0,1,1,0,0,1,1,1,1,0,1,0,1,1,0,1,0,1,11.0,2.0,14.887
1,0,1,0,1,1,0,1,0,0,1,1,0,1,1,0,1,0,0,1,1,1,0,1,0,1,1,0,19.0,1.0,12.054
0,1,1,1,1,0,0,0,1,0,1,0,0,0,1,1,1,1,0,0,1,0,1,1,1,1,0,1,12.0,2.0,12.644
0,0,0,0,1,1,1,0,0,0,1,0,0,0,0,0,1,0,0,1,0,0,0,0,0,0,0,1,33.0,1.0,4.61
0,0,0,1,1,0,0,1,0,1,0,1,1,1,0,1,1,0,1,1,0,0,0,0,0,0,0,0,22.0,0.0,11.59
0,1,0,1,1,0,0,1,1,0,1,0,0,1,1,1,0,1,1,0,0,1,0,1,1,0,1,1,11.0,0.0,13.583
0,0,1,1,0,1,1,1,0,1,1,1,0,0,1,1,0,0,0,0,1,1,0,0,0,1,1,0,24.0,2.0,12.433
1,0,1,0,0,1,0,1,0,0,0,1,0,1,0,1,0,0,0,0,1,1,1,0,1,0,1,1,19.0,0.0,12.485
0,1,0,0,1,0,1,0,0,0,0,0,0,1,1,0,0,0,0,1,0,0,0,0,1,1,1,1,30.0,1.0,6.187
0,0,1,0,0,1,0,0,1,0,1,0,1,1,1,1,1,1,1,1,1,0,1,0,0,0,1,0,11.0,1.0,12.789
0,1,1,1,1,0,1,0,0,1,0,1,1,0,1,1,1,0,1,1,1,0,0,0,0,0,1,1,15.0,1.0,13.692
0,0,1,0,1,1,0,1,0,1,1,0,0,1,0,1,0,1,1,1,1,0,0,0,0,0,1,0,14.0,2.0,12.498
1,1,1,1,0,0,0,0,0,1,0,0,0,1,0,0,1,1,1,0,0,1,1,0,1,1,0,0,17.0,0.0,11.653
0,0,0,1,1,0,1,0,0,1,0,0,0,1,0,0,1,1,1,0,1,0,0,0,1,1,0,1,22.0,0.0,9.539
1,1,1,0,1,0,0,1,0,1,0,0,1,1,0,0,1,1,0,0,0,1,0,0,0,0,1,0,21.0,1.0,11.94
0,1,1,0,1,0,1,1,0,1,0,0,1,0,0,0,1,1,1,0,0,1,1,1,1,0,1,1,18.0,2.0,12.999
0,1,0,1,1,0,1,0,1,0,0,1,0,0,0,1,0,0,1,0,1,1,0,0,0,0,0,1,23.0,1.0,10.179
1,0,1,1,0,1,1,0,1,1,0,0,0,1,1,0,1,0,1,0,0,0,1,1,1,1,0,0,18.0,1.0,11.979
0,0,0,1,1,1,1,0,1,0,1,0,1,1,1,0,1,0,1,0,1,1,0,1,1,0,0,1,15.0,0.0,11.443
1,1,1,0,0,0,0,1,0,1,1,0,1,1,1,0,1,0,0,1,0,1,1,0,1,0,1,1,14.0,1.0,13.635
0,0,1,1,0,0,0,1,0,1,1,1,0,0,0,1,1,0,1,1,0,1,0,0,0,0,0,1,21.0,1.0,11.668
0,0,1,1,1,1,1,0,0,0,1,1,1,1,0,0,1,0,1,1,1,0,0,0,1,1,0,0,16.0,1.0,11.537
0,0,0,1,0,0,0,0,0,0,0,1,0,1,0,1,0,1,1,0,0,1,1,1,1,0,0,0,18.0,1.0,9.278
1,0,0,0,0,1,1,1,1,0,1,1,1,0,0,0,0,0,0,1,1,0,1,1,0,1,0,0,17.0,3.0,10.885
0,1,0,1,0,0,0,0,1,0,0,1,0,0,1,0,1,0,1,0,0,0,0,0,0,1,0,1,28.0,2.0,8.804
0,1,0,0,1,0,0,1,0,1,1,0,0,0,1,0,0,1,0,0,1,1,0,1,1,1,0,1,23.0,2.0,8.478
1,0,1,0,0,1,0,0,0,1,1,0,1,1,0,0,0,1,0,0,1,0,1,0,1,0,1,0,16.0,2.0,10.725
0,1,1,1,1,1,0,1,1,0,0,0,1,0,1,1,1,1,1,0,0,1,1,0,1,1,1,1,10.0,1.0,17.047
1,0,1,1,1,0,0,0,0,1,0,0,1,1,1,0,0,1,1,1,0,1,0,1,0,0,0,0,20.0,0.0,9.687
0,0,1,0,1,1,0,1,0,0,1,0,0,0,1,1,1,0,0,1,0,0,1,0,0,1,0,0,16.0,2.0,11.212
0,1,1,0,0,0,0,1,0,0,1,0,0,0,0,1,0,1,0,0,0,1,1,1,0,0,0,1,18.0,1.0,10.317
0,1,1,0,1,1,0,0,0,0,1,1,1,0,1,1,1,0,0,1,1,0,0,1,0,1,0,1,17.0,3.0,11.172
0,0,0,0,0,1,0,1,1,0,1,0,0,1,0,0,0,1,0,1,0,1,1,1,0,0,0,0,21.0,1.0,8.294
1,0,0,1,1,0,1,0,1,0,1,1,0,0,1,0,0,1,0,1,0,1,0,1,0,1,0,1,19.0,2.0,9.57
1,1,0,0,0,0,0,0,0,0,0,0,0,0,0,1,0,0,1,1,0,0,1,1,1,0,1,1,28.0,1.0,7.762
1,0,1,0,1,0,0,1,1,1,1,1,1,1,1,0,0,1,0,1,0,0,0,0,1,1,0,1,20.0,3.0,12.781
1,0,0,1,1,0,0,1,1,0,0,1,1,0,0,1,0,0,1,0,0,1,1,0,0,0,1,1,13.0,1.0,13.584
0,1,1,1,0,0,1,0,0,1,1,0,1,1,1,0,0,0,1,0,0,0,1,0,0,1,0,0,19.0,2.0,11.183
1,0,0,0,0,0,1,1,1,0,0,0,1,1,1,1,0,0,0,0,1,0,1,0,1,0,0,1,19.0,0.0,10.761
1,0,0,0,0,1,1,0,1,0,1,0,0,1,0,0,0,0,0,0,0,1,0,0,0,0,0,1,27.0,0.0,6.407
1,1,1,0,0,1,1,0,1,1,0,0,0,1,0,1,1,0,0,1,0,0,1,0,0,1,1,0,20.0,1.0,12.56
0,0,1,0,1,1,1,1,1,1,1,1,1,0,0,1,1,0,0,0,0,0,0,1,1,0,0,0,19.0,4.0,13.342
0,1,1,1,0,0,1,0,1,0,0,0,0,1,1,0,1,0,0,0,0,0,0,1,1,1,0,1,25.0,1.0,9.838
1,1,0,1,0,1,1,1,1,0,0,0,0,1,0,0,1,1,0,0,0,0,1,1,1,0,0,0,21.0,1.0,12.355
0,0,0,0,1,1,1,0,1,1,1,1,0,0,0,1,1,1,0,0,0,0,1,0,1,0,0,1,24.0,3.0,9.653
0,1,0,1,1,0,1,1,0,1,0,0,0,1,0,0,1,0,1,1,0,0,1,1,0,0,1,0,20.0,1.0,11.11
0,1,1,0,1,0,1,0,0,1,1,1,1,1,1,1,0,0,1,1,1,0,1,1,0,0,1,0,12.0,2.0,12.864
0,0,1,0,0,0,1,1,0,1,1,0,0,0,0,0,1,1,0,0,0,1,0,0,1,0,1,1,23.0,1.0,10.439
0,0,0,1,0,0,1,0,0,1,0,0,1,0,0,1,0,0,1,0,0,1,1,0,1,0,0,1,18.0,0.0,10.052
0,1,1,1,1,0,0,1,1,0,0,1,0,1,1,0,0,1,0,0,0,0,1,1,1,0,0,1,16.0,0.0,12.221
1,0,0,1,0,1,1,1,0,1,1,1,1,0,1,0,0,1,1,0,1,0,0,1,0,0,1,0,13.0,2.0,13.59
0,1,0,1,1,1,1,0,1,1,1,1,0,1,1,1,1,0,1,0,1,1,1,1,1,0,0,1,11.0,0.0,14.387
0,1,0,0,0,1,0,0,0,1,0,0,1,0,1,0,1,0,0,0,0,1,0,0,1,1,1,0,27.0,2.0,7.497
1,1,1,0,0,1,0,0,1,1,0,0,1,0,1,0,1,0,1,0,0,0,0,1,0,1,0,1,24.0,2.0,10.859
0,1,0,1,1,0,0,0,1,0,0,1,0,1,1,0,0,1,0,1,0,0,0,1,1,0,0,0,23.0,0.0,8.299
0,0,0,1,0,0,1,1,0,1,1,0,0,0,1,1,1,1,0,1,1,0,1,1,1,0,0,0,13.0,1.0,11.839
0,0,1,1,1,1,1,1,0,0,0,0,1,0,0,1,1,1,0,1,0,1,0,1,1,1,0,0,11.0,1.0,13.743
0,0,1,0,1,0,1,1,1,0,0,1,1,0,0,0,1,1,1,0,1,1,1,1,1,1,0,0,15.0,2.0,13.133
1,1,0,0,1,0,0,0,0,1,1,0,1,1,1,0,0,1,0,0,0,1,1,1,0,0,0,0,20.0,1.0,8.664
1,1,0,1,0,1,1,0,0,0,0,1,0,1,1,0,0,0,0,1,1,0,1,1,0,0,1,1,16.0,0.0,10.616
0,0,1,0,0,0,1,0,0,0,0,0,1,0,0,1,0,1,0,1,0,1,1,1,0,1,1,0,21.0,1.0,9.346
0,0,0,0,0,0,0,0,1,0,0,0,1,0,1,0,1,0,1,1,1,0,1,1,0,1,0,0,24.0,1.0,6.478
1,0,1,1,1,0,1,0,1,0,1,0,0,0,1,1,0,0,1,1,0,0,0,1,1,0,1,1,15.0,1.0,11.955
1,0,0,0,0,0,1,1,1,0,1,1,0,1,1,0,1,0,1,0,0,1,1,0,1,0,1,1,19.0,0.0,11.949
0,0,0,0,1,0,1,0,1,0,1,1,0,0,1,0,1,0,1,0,1,1,0,1,1,1,0,1,26.0,2.0,7.821
1,0,1,1,1,0,1,1,0,0,1,1,0,1,1,0,1,1,0,1,1,1,1,0,1,1,0,0,14.0,1.0,13.632
0,0,0,1,0,1,0,1,0,1,1,0,1,0,1,0,1,0,1,0,1,1,0,0,0,1,0,0,20.0,1.0,11.63
0,1,0,0,0,1,1,0,1,0,0,1,0,1,0,0,1,1,0,1,0,0,0,1,1,1,0,0,22.0,1.0,8.557
0,0,0,0,1,0,1,1,0,1,1,0,0,1,0,0,0,1,0,1,0,0,1,0,1,1,1,0,24.0,2.0,8.786
1,1,0,1,1,1,1,0,0,0,0,0,1,1,0,1,0,0,0,1,0,1,0,0,0,0,0,0,22.0,0.0,9.931
1,0,1,1,1,1,0,0,1,1,0,0,0,1,1,0,1,1,1,0,1,0,0,0,0,1,0,1,21.0,1.0,11.641
1,1,0,0,1,1,0,0,0,1,1,0,0,1,1,0,1,1,1,0,1,0,0,0,1,1,0,0,15.0,3.0,10.445
0,1,1,0,0,1,1,1,0,0,1,0,0,1,1,0,0,1,1,0,1,0,0,1,1,0,1,0,13.0,1.0,12.424
0,0,1,1,0,0,1,1,0,1,0,1,0,0,1,1,0,0,0,1,1,1,0,1,0,1,0,0,14.0,2.0,11.88
1,0,0,0,0,1,0,1,1,0,1,0,1,1,1,1,1,0,1,0,1,1,1,1,1,1,1,1,11.0,1.0,15.429
0,0,0,0,0,1,0,1,1,1,1,1,0,0,1,0,0,1,1,1,0,0,1,1,1,1,0,0,20.0,4.0,10.484
0,0,1,0,1,1,0,0,1,1,1,1,1,1,0,0,1,1,0,0,1,1,1,0,1,0,1,0,19.0,1.0,12.007
1,1,1,0,0,0,0,1,0,0,1,1,0,0,1,1,0,1,1,1,1,0,1,0,0,1,0,1,15.0,3.0,13.044
1,0,0,0,1,0,0,1,1,0,0,1,1,1,0,1,0,1,1,0,1,0,0,0,1,1,1,0,14.0,0.0,13.178
0,1,1,0,1,0,0,1,1,0,0,1,1,0,0,1,1,1,0,0,1,1,1,1,0,1,1,1,14.0,2.0,14.888
0,0,0,1,0,0,0,1,1,0,0,1,1,1,0,1,1,0,0,1,0,0,0,1,1,1,1,1,16.0,1.0,13.394
1,1,0,0,0,1,1,1,0,1,0,0,0,1,0,0,0,0,1,1,1,0,0,1,1,1,0,0,17.0,2.0,10.761
1,0,1,1,1,0,0,0,1,1,1,1,1,1,0,1,0,1,0,0,0,0,0,1,0,0,0,1,16.0,2.0,12.681
0,1,0,0,1,0,0,0,0,1,1,1,1,0,1,1,0,1,1,1,0,0,1,1,0,0,0,1,20.0,3.0,9.532
0,0,1,1,0,0,1,0,0,1,0,0,0,0,0,0,0,1,1,0,0,0,1,1,0,1,0,0,28.0,1.0,7.966
1,0,1,0,0,0,1,0,1,0,1,0,1,0,1,0,0,0,1,1,0,0,0,1,1,0,0,1,19.0,1.0,9.646
1,1,1,0,1,1,0,0,1,1,0,0,0,1,0,0,1,0,1,0,0,0,0,0,1,0,1,0,22.0,1.0,10.743
1,0,0,0,0,0,0,0,1,1,0,1,1,1,0,0,0,0,1,1,0,1,0,0,0,0,0,1,22.0,1.0,8.663
1,0,0,1,1,0,0,1,1,0,0,0,1,1,1,0,1,0,0,1,0,0,1,0,0,0,1,1,22.0,0.0,11.503
0,0,1,0,0,1,1,0,0,1,1,1,0,1,1,1,0,0,0,1,1,0,1,1,0,0,0,0,19.0,2.0,9.591
1,1,0,1,0,0,1,0,0,1,0,1,1,1,1,0,0,0,1,1,0,1,0,0,1,1,1,1,14.0,1.0,13.019
0,1,1,0,1,1,0,0,0,1,1,0,1,0,1,1,0,0,1,1,1,0,0,0,1,1,1,1,13.0,3.0,12.527
0,0,1,0,0,1,0,0,1,1,0,1,1,0,0,1,1,1,0,0,0,1,1,0,1,1,0,0,13.0,2.0,12.561
1,1,0,1,1,1,0,1,1,0,1,1,0,1,1,0,1,0,0,0,1,1,1,1,1,0,0,1,13.0,0.0,14.128
1,1,1,0,1,0,1,1,0,0,0,1,0,1,0,0,1,1,1,1,0,1,0,0,1,1,0,1,14.0,0.0,13.531
0,0,0,1,0,0,1,0,0,0,0,0,0,0,0,0,0,1,0,0,1,1,0,0,1,1,1,0,32.0,0.0,6.661
1,0,0,1,0,1,0,0,1,0,0,1,1,0,1,1,1,0,0,0,0,0,1,0,0,0,1,0,16.0,1.0,11.959
0,0,0,0,1,0,0,1,1,0,1,1,1,0,0,1,0,0,0,0,1,0,1,0,0,1,0,1,25.0,3.0,8.896
1,1,0,0,0,1,0,1,1,0,1,1,1,0,0,1,0,1,1,0,0,1,1,0,1,1,0,1,14.0,1.0,14.551
1,0,1,1,0,1,1,0,1,1,0,0,1,1,1,0,0,1,1,0,1,0,0,0,1,1,0,0,15.0,1.0,12.649
0,1,1,1,1,1,0,1,0,1,1,1,1,0,0,0,0,1,1,0,1,0,0,1,0,0,0,1,14.0,3.0,13.432
0,1,0,1,1,1,1,0,0,1,0,0,0,1,0,1,1,1,1,1,1,0,1,1,0,0,0,0,16.0,1.0,11.406
0,1,1,1,1,0,0,1,1,0,0,0,0,0,0,0,1,1,0,1,0,0,1,0,1,0,0,0,28.0,0.0,9.855
0,0,1,0,1,0,1,1,1,0,0,0,1,0,0,0,0,1,1,1,1,0,0,0,1,0,0,1,19.0,0.0,10.457
0,1,0,1,1,1,1,0,1,1,0,0,1,0,0,0,0,1,1,0,0,1,0,1,1,1,0,1,19.0,1.0,11.192
0,0,0,1,0,0,1,1,1,0,1,1,0,0,0,0,1,0,0,1,1,1,1,1,0,0,1,0,23.0,2.0,10.293
0,0,1,1,1,0,1,1,0,1,0,0,0,0,1,0,0,0,0,1,1,0,0,1,0,1,1,1,20.0,1.0,10.146
1,0,0,0,1,0,0,1,0,0,1,1,1,1,0,0,0,1,0,0,0,1,0,0,1,0,0,0,24.0,0.0,8.775
0,1,1,1,0,0,0,0,1,1,0,0,1,1,0,0,0,0,0,0,0,1,1,0,0,0,1,1,26.0,0.0,9.654
0,0,0,0,0,0,1,0,1,1,1,0,0,1,0,0,0,1,1,0,1,1,1,0,0,1,1,0,25.0,1.0,8.365
1,0,0,0,0,1,1,0,0,0,1,0,1,0,1,1,0,0,1,0,1,0,0,0,1,0,1,0,15.0,1.0,10.034
0,0,1,0,0,1,1,1,0,0,0,0,1,0,1,1,0,0,1,1,1,1,0,1,0,1,0,1,19.0,1.0,11.953
1,0,0,0,1,1,1,0,0,1,0,0,1,0,0,1,1,1,0,1,1,0,1,0,0,0,1,1,18.0,1.0,10.95
0,1,1,1,1,1,1,0,0,1,0,0,1,1,0,0,1,0,0,1,1,1,1,0,1,0,1,0,18.0,0.0,12.09
1,1,0,0,1,0,1,0,0,0,1,1,1,0,1,1,0,0,0,0,1,1,1,1,0,1,0,1,23.0,3.0,9.905
0,1,0,0,0,0,1,0,0,0,0,0,0,1,1,0,1,1,0,1,1,0,1,0,0,0,1,1,26.0,0.0,7.248
1,0,0,0,1,1,0,1,0,1,1,0,1,1,1,0,1,0,1,0,0,0,0,0,0,1,0,0,21.0,3.0,11.297
1,0,0,0,1,0,0,0,0,1,0,0,0,1,1,0,0,0,1,0,1,0,0,1,1,0,1,1,24.0,1.0,7.261
1,0,1,0,0,0,1,1,0,1,0,1,1,1,0,1,0,0,0,1,0,1,0,1,0,0,0,0,15.0,2.0,12.117
0,0,1,1,0,0,0,1,0,1,1,0,1,0,1,1,1,1,0,0,1,1,1,1,0,1,0,1,14.0,1.0,13.933
1,0,0,0,1,0,1,0,1,0,0,0,0,0,0,1,0,0,1,1,0,0,0,0,1,1,0,0,26.0,0.0,7.676
0,1,0,0,0,0,1,1,1,1,1,1,0,1,0,1,0,0,0,1,1,1,0,1,0,1,0,0,19.0,2.0,10.727
0,0,1,1,1,1,0,0,0,0,1,1,1,1,0,1,1,0,1,1,1,1,1,1,0,1,1,0,16.0,1.0,13.134
0,1,0,1,0,0,0,1,1,0,0,1,1,0,1,0,0,0,1,0,1,1,1,0,0,0,1,1,20.0,1.0,12.058
1,1,0,1,0,1,1,1,1,1,1,1,0,0,1,0,0,1,0,1,0,0,1,0,1,0,0,1,15.0,2.0,13.897
0,1,1,1,0,1,0,1,1,1,1,0,1,1,0,1,1,0,1,1,1,1,0,1,0,0,0,0,12.0,1.0,15.461
1,1,0,0,0,1,0,0,1,0,0,1,1,0,0,1,0,1,1,0,0,1,0,1,0,0,0,0,18.0,2.0,10.218
1,1,1,0,0,0,1,1,1,1,1,0,0,0,0,0,0,1,0,0,1,0,1,1,1,1,1,1,17.0,3.0,13.259
0,0,0,1,1,1,1,1,1,1,1,1,0,1,1,1,0,0,1,0,1,0,0,1,1,0,1,1,11.0,1.0,14.901
0,0,0,0,0,0,0,1,1,0,1,0,0,1,1,1,0,1,1,1,0,1,1,0,0,1,0,0,15.0,1.0,10.057
0,0,1,1,1,0,0,1,0,0,0,0,1,1,0,1,0,0,0,0,1,1,0,0,1,0,0,0,26.0,1.0,9.609
1,1,1,1,0,1,1,1,1,0,0,1,0,1,1,0,1,0,0,1,1,1,1,0,1,0,1,0,10.0,0.0,15.794
0,0,0,0,1,0,1,1,1,0,1,0,1,1,1,1,1,1,0,1,0,1,0,1,1,0,1,1,13.0,0.0,12.469
0,0,1,0,1,0,0,0,0,1,1,1,0,0,0,1,0,1,0,1,1,1,1,0,0,1,1,1,24.0,2.0,10.164
1,0,1,1,1,1,1,0,1,1,1,1,0,0,0,1,1,1,0,1,0,0,0,0,0,0,1,0,21.0,2.0,12.805
1,0,0,0,1,0,0,0,1,0,0,0,1,1,1,1,0,1,0,0,0,0,1,0,1,1,1,1,22.0,1.0,10.554
1,0,0,0,1,1,1,0,1,1,1,1,0,1,0,1,1,0,0,1,1,0,0,0,1,0,1,1,16.0,2.0,11.844
1,0,0,0,1,1,1,1,1,1,1,1,1,1,0,0,0,0,1,0,1,1,0,1,1,1,0,1,18.0,2.0,13.359
1,0,1,0,1,1,1,1,1,1,1,0,1,0,1,1,0,1,0,1,1,0,1,1,0,0,0,0,9.0,2.0,14.549
0,0,1,0,1,1,0,0,0,1,1,0,0,1,1,0,1,1,1,1,1,1,0,1,0,0,1,0,17.0,1.0,10.035
0,1,1,1,1,1,1,0,1,0,0,1,1,1,1,0,1,1,1,1,1,1,1,0,1,1,1,1,12.0,1.0,15.728
1,1,1,1,1,1,1,1,0,1,0,0,1,0,1,1,1,1,0,1,1,1,0,0,1,1,0,1,11.0,1.0,16.914
0,1,0,0,0,1,0,0,1,1,0,0,0,1,0,1,0,1,1,0,1,0,1,0,1,0,1,1,21.0,1.0,10.01
0,1,0,0,0,0,1,1,1,1,0,1,0,1,1,0,1,0,0,0,0,1,1,1,0,1,1,0,19.0,2.0,11.073
0,0,0,0,1,1,1,1,1,0,0,0,1,1,0,0,1,1,0,0,1,1,1,0,0,1,1,1,22.0,0.0,12.162
1,0,1,0,0,0,0,0,0,0,1,1,1,1,1,1,1,1,1,0,1,1,0,1,1,0,0,1,15.0,0.0,12.693
1,0,1,1,0,0,1,1,0,0,1,1,1,0,0,0,1,1,0,1,1,0,0,1,1,0,1,0,14.0,3.0,13.031
0,0,1,1,0,0,0,0,0,1,1,1,1,1,0,0,0,0,0,0,1,1,1,1,1,1,1,1,25.0,1.0,10.316
1,1,1,0,1,0,0,0,1,0,0,0,0,1,0,0,1,0,0,1,1,1,1,1,1,1,0,0,20.0,1.0,9.839
1,1,0,0,0,1,1,1,0,0,1,0,1,1,0,1,0,0,0,1,0,0,1,1,1,1,0,1,15.0,2.0,13.169
1,0,0,1,0,1,1,0,1,1,1,1,1,1,1,0,0,1,1,1,0,1,0,0,1,0,1,1,15.0,0.0,13.327
0,0,1,0,0,0,0,1,1,1,1,0,0,0,0,0,0,1,0,0,1,0,0,1,0,0,0,0,26.0,3.0,7.954
0,1,0,1,1,0,0,0,0,1,1,1,1,1,1,0,1,1,0,0,1,0,1,0,0,1,1,0,19.0,2.0,11.76
0,1,1,0,1,1,1,0,1,1,0,0,1,1,1,1,0,0,1,0,0,1,0,1,1,1,0,1,15.0,2.0,13.004
1,1,1,0,0,1,1,0,1,1,1,0,1,1,1,0,1,1,0,0,0,0,0,1,0,1,1,1,17.0,3.0,13.719
1,0,1,0,0,0,0,1,1,0,1,1,1,1,0,0,0,0,1,0,0,0,0,1,0,1,0,0,22.0,2.0,10.942
0,0,1,0,0,0,1,1,1,1,0,1,1,1,1,0,1,1,1,0,0,1,0,0,0,0,1,0,17.0,1.0,13.449
1,0,0,1,0,0,0,1,0,0,0,1,0,1,1,0,0,1,0,0,0,1,0,0,1,1,1,0,18.0,1.0,10.907
1,0,0,1,1,0,1,1,0,1,1,0,1,0,1,1,0,1,1,0,0,0,1,1,0,1,1,1,12.0,2.0,14.892
1,0,0,0,0,0,0,1,1,0,1,0,0,1,1,0,0,0,0,1,1,0,0,1,0,1,0,1,20.0,2.0,8.493
1,1,0,1,0,0,0,0,0,1,0,0,0,1,1,1,0,1,1,0,0,1,1,1,1,0,0,1,13.0,0.0,11.755
0,1,0,1,1,1,0,0,1,1,1,1,0,0,0,1,1,1,1,0,0,0,0,0,0,1,1,1,25.0,2.0,12.558
0,0,1,0,1,1,0,0,0,0,1,1,0,1,0,0,1,1,1,1,1,1,1,0,0,0,0,1,21.0,0.0,9.611
1,0,0,1,1,0,0,0,1,0,0,0,1,1,0,0,1,1,1,0,0,0,0,0,1,1,1,1,23.0,0.0,11.26
0,0,1,1,0,0,0,1,1,1,1,0,0,0,0,1,0,0,1,1,0,1,1,0,0,1,0,0,15.0,0.0,12.049
1,0,1,0,1,0,0,1,0,0,1,0,1,1,0,1,1,1,0,1,1,0,0,1,0,1,1,1,11.0,2.0,13.92
1,0,0,1,1,1,1,0,1,0,1,1,0,0,0,1,1,1,0,1,1,0,1,1,0,0,0,0,18.0,3.0,11.23
0,0,0,1,1,1,0,1,0,1,1,0,1,0,1,1,0,1,0,1,0,0,1,0,0,0,1,1,15.0,1.0,13.164
0,1,0,1,1,1,0,1,0,0,0,1,1,0,1,1,1,0,1,1,0,0,0,1,1,1,0,0,11.0,2.0,14.111
0,1,0,1,0,1,0,0,0,1,1,1,0,1,1,0,0,0,0,1,0,0,0,0,1,1,1,0,25.0,2.0,9.195
0,0,1,0,0,1,0,0,1,0,1,1,0,1,0,0,0,1,1,1,0,0,1,1,0,1,1,0,25.0,2.0,9.302
0,0,1,0,1,1,1,0,0,0,1,1,1,0,0,1,0,0,1,0,0,0,0,1,1,1,1,1,21.0,3.0,11.245
1,1,1,0,1,0,1,1,0,0,1,0,0,0,0,1,0,0,0,1,0,0,1,1,1,0,1,1,19.0,2.0,12.043
1,1,0,1,0,0,0,0,0,0,0,1,0,0,1,0,0,1,0,1,1,1,1,1,1,1,0,0,17.0,2.0,9.6
0,1,1,0,0,0,1,1,1,1,1,1,1,0,0,0,1,1,1,1,1,1,1,0,1,1,1,0,18.0,2.0,14.883
1,0,1,0,1,0,0,1,0,1,1,0,1,0,1,0,1,0,1,1,1,0,1,0,0,0,0,1,13.0,2.0,12.098
0,0,0,0,1,1,0,1,1,1,0,0,1,0,0,1,1,0,0,1,0,1,1,0,0,0,0,1,16.0,1.0,11.411
0,1,1,0,0,0,1,0,0,0,0,0,0,1,0,0,1,1,1,1,0,0,0,1,0,0,1,0,25.0,1.0,8.518
0,0,0,1,0,1,0,0,0,0,0,0,0,1,1,1,1,1,0,1,1,1,0,0,0,0,1,0,23.0,0.0,9.144
1,0,0,1,0,0,0,0,0,1,1,0,1,1,0,0,1,0,1,0,0,0,0,1,0,1,1,0,22.0,2.0,10.254
1,0,1,0,1,1,1,1,1,1,1,0,0,0,0,0,1,0,1,0,1,1,1,0,0,1,0,0,17.0,1.0,13.331
1,1,0,1,0,0,1,0,1,1,0,1,0,1,0,1,1,0,1,0,1,0,0,0,0,1,0,1,16.0,0.0,13.486
1,1,1,1,0,1,0,1,1,0,0,0,0,1,1,1,1,1,1,1,1,0,0,0,0,1,1,0,14.0,1.0,15.797
0,0,0,1,0,1,0,1,0,1,0,0,1,1,1,1,1,1,1,1,0,1,1,1,1,0,1,1,11.0,0.0,15.057
1,1,0,0,1,1,0,0,1,1,1,1,0,0,0,0,1,0,1,0,1,0,1,1,1,1,1,1,21.0,4.0,11.242
1,1,0,1,0,0,0,0,0,1,1,1,1,1,1,0,1,1,1,1,1,1,1,0,0,1,0,0,16.0,1.0,12.881
1,0,0,0,0,0,1,1,0,1,0,0,0,1,1,1,1,1,1,0,1,0,0,0,1,0,0,0,19.0,1.0,11.135
0,1,1,0,1,1,1,0,0,1,0,0,1,0,0,1,0,0,1,0,1,1,0,1,0,0,1,1,21.0,2.0,11.186
0,0,0,1,1,0,1,1,0,0,1,0,1,0,1,0,1,0,1,1,1,1,1,0,0,1,0,1,18.0,1.0,11.657
1,1,1,1,0,1,0,0,1,1,0,1,1,1,0,0,0,0,1,1,1,0,0,0,0,0,1,0,16.0,0.0,12.69
1,0,1,1,0,1,1,1,1,1,0,0,1,1,1,1,0,1,0,1,1,1,1,1,1,1,0,1,10.0,1.0,16.885
1,1,1,1,0,1,0,0,0,1,0,0,1,1,1,1,1,1,1,1,1,1,1,0,0,1,0,0,12.0,1.0,14.739
0,1,0,0,0,0,1,0,1,0,0,1,0,1,1,1,1,0,0,1,0,1,1,0,1,0,0,0,19.0,0.0,9.34
1,1,0,1,1,1,1,1,0,1,1,1,0,0,0,1,1,1,1,1,0,1,1,1,0,1,0,1,11.0,2.0,16.203
1,1,1,0,1,1,0,0,0,1,1,0,0,1,0,0,1,0,1,1,0,1,1,1,0,0,1,0,13.0,2.0,11.328
0,0,1,0,0,1,1,1,1,1,0,0,0,0,1,0,1,0,1,1,0,1,0,1,1,1,1,1,17.0,2.0,12.708
1,1,1,0,0,1,1,0,1,1,0,0,0,0,0,1,1,0,1,1,1,1,1,1,0,0,1,1,20.0,2.0,12.822
0,1,1,0,1,0,1,1,0,0,1,0,1,1,0,1,1,0,0,1,0,1,0,0,1,1,1,1,12.0,0.0,14.305
1,1,0,0,0,1,0,0,0,1,0,0,0,1,0,1,0,1,1,1,0,0,1,1,0,1,0,0,20.0,2.0,9.588
1,0,1,0,0,1,1,1,0,1,0,0,1,0,0,1,1,0,1,1,0,0,0,0,0,0,0,1,20.0,1.0,13.082
1,1,1,1,0,0,1,1,0,0,1,1,1,0,0,0,1,1,0,0,1,1,1,0,1,1,0,1,18.0,1.0,14.558
1,0,1,0,1,1,1,0,0,1,0,1,0,0,0,0,0,0,1,0,0,0,1,1,1,1,1,0,24.0,3.0,10.068
1,0,1,0,1,1,0,0,0,0,0,1,1,0,0,1,0,1,1,1,0,0,0,0,1,1,1,1,17.0,1.0,12.235
1,1,0,0,0,1,0,1,1,1,1,1,1,0,1,0,1,1,0,1,0,0,0,1,1,0,0,0,21.0,3.0,12.111
1,0,1,0,0,1,0,0,1,1,1,1,1,0,0,1,0,0,0,0,0,0,0,0,0,0,1,1,29.0,3.0,10.21
1,0,1,1,1,1,1,1,1,1,1,0,0,1,1,1,1,1,0,1,0,0,0,0,1,0,1,0,7.0,1.0,16.663
1,0,0,0,0,0,0,1,1,0,0,1,0,1,1,0,0,1,0,0,1,0,1,1,0,1,0,0,17.0,1.0,9.651
1,0,0,1,0,0,0,0,1,0,1,0,0,0,0,0,1,1,0,1,1,0,1,0,0,0,1,0,20.0,1.0,9.029
1,1,0,0,0,0,0,1,1,0,1,1,0,0,1,0,0,0,0,1,1,0,1,0,1,0,1,0,19.0,2.0,9.801
1,0,1,0,0,1,0,1,0,1,0,0,0,1,1,0,0,1,0,1,0,0,1,0,1,0,1,0,20.0,1.0,11.198
0,1,0,1,1,0,0,1,1,0,1,0,0,0,0,1,0,0,0,1,1,1,0,1,0,1,0,0,18.0,1.0,10.539
0,0,1,1,1,1,1,0,1,1,0,1,1,0,0,1,0,0,0,0,1,0,1,1,1,1,0,0,13.0,3.0,12.319
0,0,0,1,0,0,0,0,0,1,0,1,1,0,1,1,0,1,1,1,1,1,1,1,1,1,1,0,15.0,2.0,12.129
0,0,0,0,1,0,0,1,1,0,1,1,1,1,0,1,0,1,1,1,0,0,1,0,1,0,1,0,19.0,1.0,11.405
1,1,1,1,0,1,1,1,1,1,1,1,0,0,0,1,1,1,0,1,1,0,0,1,0,1,0,0,10.0,3.0,16.298
1,1,0,1,0,1,0,0,0,0,1,0,0,1,1,1,1,1,0,1,0,1,0,0,0,0,0,1,14.0,0.0,11.48
1,1,1,1,1,0,0,0,0,0,0,1,0,1,0,1,0,1,0,0,1,1,1,1,0,0,1,0,13.0,1.0,12.382
0,0,1,0,0,1,0,0,1,0,0,0,1,0,1,1,0,1,1,1,1,1,0,1,0,1,1,1,20.0,1.0,11.041
0,0,0,0,0,0,1,1,1,0,0,0,1,1,1,1,1,0,0,0,1,1,1,0,1,1,1,0,22.0,1.0,11.432
0,1,0,0,1,0,0,1,0,1,1,0,0,0,0,1,0,0,0,0,1,1,1,1,0,1,1,1,26.0,3.0,9.078
1,0,1,1,0,0,0,1,1,1,1,0,1,0,0,1,1,1,0,0,0,1,1,1,1,1,1,1,8.0,1.0,16.437
1,0,1,1,0,0,0,1,1,0,0,1,0,1,1,0,0,1,0,0,1,0,0,0,1,1,1,0,16.0,1.0,12.556
0,1,0,0,0,1,1,0,1,0,1,1,0,0,1,1,1,0,1,1,1,0,0,1,0,0,1,0,17.0,2.0,9.923
0,1,1,1,1,1,0,1,0,1,0,0,0,0,1,0,0,0,0,1,0,1,1,1,0,1,1,0,18.0,1.0,11.406
1,0,0,0,1,1,0,1,1,1,1,0,1,0,0,1,0,1,0,0,0,1,0,1,0,0,0,1,11.0,2.0,12.495
1,1,1,0,1,1,1,0,0,0,1,1,0,1,1,0,1,1,1,0,1,1,0,1,1,1,0,1,18.0,1.0,12.62
0,0,0,1,1,0,0,1,0,0,0,1,1,1,0,0,1,1,1,0,1,1,1,0,1,0,0,1,16.0,0.0,12.38
1,0,0,1,0,1,1,0,0,1,1,1,1,1,0,0,0,1,1,1,1,1,1,0,0,1,0,0,17.0,0.0,12.054
1,0,0,0,1,1,0,0,1,0,0,0,0,0,0,0,0,1,0,0,0,0,1,1,0,0,1,1,32.0,1.0,6.278
1,0,1,1,0,0,1,1,1,0,0,0,0,1,1,0,0,0,0,0,0,1,1,1,0,0,0,0,24.0,0.0,9.453
1,1,1,1,1,0,1,0,1,1,1,1,1,1,0,1,1,1,0,1,1,1,1,0,0,1,0,1,12.0,0.0,16.371
0,1,1,1,1,1,1,0,0,0,0,0,0,0,0,1,0,1,1,0,1,1,1,1,0,0,0,0,24.0,1.0,10.045
1,1,1,0,0,1,0,0,1,0,0,1,0,1,0,0,0,0,1,0,0,0,1,0,0,0,0,1,21.0,0.0,10.057
1,0,0,1,0,0,1,0,0,0,1,1,0,1,0,0,0,0,0,0,1,0,1,0,0,0,1,0,24.0,1.0,7.951
1,0,0,1,0,1,1,0,0,0,1,0,1,0,1,1,0,0,1,1,1,0,0,0,0,1,1,0,17.0,2.0,11.324
1,1,0,1,0,1,0,0,0,1,1,0,0,0,0,1,0,0,1,0,0,0,0,0,0,0,0,1,24.0,1.0,9.767
1,0,1,1,0,0,1,0,0,0,0,1,0,0,0,0,0,1,1,0,0,0,0,1,0,0,1,1,26.0,2.0,9.378
0,0,1,0,1,1,0,1,0,1,1,1,0,1,0,0,0,0,0,1,1,0,1,1,0,0,0,1,17.0,3.0,10.47
1,1,0,1,1,0,0,0,0,1,1,1,1,0,0,0,0,0,0,1,1,1,1,0,0,1,1,1,21.0,1.0,11.124
1,0,1,1,1,0,0,0,1,1,1,0,0,1,0,0,1,0,0,0,1,0,0,0,0,0,0,1,19.0,1.0,10.182
0,1,0,1,1,0,0,1,1,1,0,1,1,0,1,1,0,0,0,0,0,0,0,0,0,1,0,0,22.0,3.0,11.596
0,0,1,0,1,1,0,1,1,0,0,1,1,1,0,1,1,0,0,0,1,0,1,0,1,0,0,1,10.0,0.0,14.392
1,0,1,1,0,0,1,1,1,1,0,1,1,0,0,0,0,0,1,1,1,0,0,1,0,0,1,0,12.0,2.0,13.344
0,1,0,1,0,0,1,1,0,1,1,1,0,0,1,1,1,1,1,1,1,1,0,1,1,0,1,0,12.0,1.0,14.381
0,1,0,0,1,0,0,0,1,0,1,0,0,0,1,1,1,0,1,1,0,0,1,1,0,1,1,1,20.0,2.0,9.609
0,1,1,0,0,0,0,1,0,1,0,1,1,0,1,1,1,1,1,1,1,0,0,1,0,0,0,1,10.0,2.0,13.88
1,0,1,1,0,0,0,1,1,0,1,1,1,1,0,1,1,1,0,0,1,1,1,0,0,0,1,1,15.0,0.0,15.77
1,1,1,1,0,0,0,1,1,0,0,1,0,0,0,1,1,0,1,0,0,0,1,0,0,0,0,0,21.0,1.0,13.013
1,0,1,0,0,0,1,0,1,0,1,1,1,0,0,1,0,0,0,1,1,1,0,0,1,1,0,0,18.0,1.0,11.227
0,1,1,0,0,0,1,0,1,0,0,0,1,1,1,0,0,0,0,0,1,0,1,1,1,0,1,0,23.0,0.0,9.038
1,1,0,0,1,1,1,0,0,1,1,0,1,1,0,0,1,1,0,0,0,0,1,1,0,0,1,1,20.0,3.0,11.245
1,1,0,1,1,1,1,0,0,0,0,1,0,1,1,0,0,1,0,1,1,1,1,1,1,0,0,1,13.0,0.0,11.533
0,0,1,1,0,1,0,1,0,1,0,1,1,1,0,1,0,0,0,0,1,0,0,1,1,1,0,0,13.0,1.0,13.202
1,0,0,1,1,1,1,0,1,1,0,1,0,1,1,1,0,1,0,0,0,0,0,0,0,1,1,0,19.0,1.0,12.55
0,0,1,1,0,1,1,1,1,1,1,1,1,0,1,0,1,1,0,1,1,1,1,0,0,1,1,0,16.0,2.0,15.428
1,0,0,1,0,1,1,0,1,1,1,0,1,1,1,0,0,0,1,1,1,0,1,0,1,1,1,1,12.0,2.0,13.473
1,0,1,0,0,1,1,0,1,1,1,1,1,0,1,0,0,0,0,0,0,0,1,0,1,1,1,0,26.0,4.0,10.726
1,1,0,0,1,1,0,0,0,1,0,1,1,0,1,1,1,0,1,0,0,1,0,1,1,0,1,1,13.0,2.0,12.605
0,1,1,0,0,0,0,1,0,0,1,1,1,0,0,0,1,0,1,1,1,0,0,1,1,1,0,1,20.0,3.0,11.344
0,1,1,0,1,0,1,0,1,1,1,0,0,0,0,1,1,0,1,0,0,1,1,1,1,1,0,1,16.0,2.0,12.52
1,1,1,0,1,1,0,1,0,1,1,0,1,1,0,0,1,1,1,0,1,0,0,1,0,1,0,0,10.0,3.0,14.593
0,0,1,0,0,1,0,1,0,0,1,1,0,1,0,0,1,0,1,0,0,0,1,1,0,0,1,0,22.0,2.0,10.806
1,0,0,0,0,1,1,1,0,0,1,0,0,0,0,0,0,1,0,1,0,1,0,1,0,1,1,1,21.0,1.0,9.765
0,0,0,1,1,1,1,1,0,0,1,0,0,0,0,1,0,1,0,1,1,1,0,1,0,1,0,1,18.0,1.0,11.566
1,1,0,0,0,1,1,1,1,1,0,1,0,1,1,0,1,0,1,0,0,1,1,0,0,0,1,0,12.0,1.0,14.04
0,1,0,1,0,0,1,0,0,0,0,0,1,0,0,1,1,1,1,1,1,0,1,1,1,0,1,0,14.0,1.0,11.858
0,1,0,0,1,1,1,0,0,1,1,1,1,0,0,0,0,0,0,1,1,1,1,1,1,1,0,0,22.0,3.0,8.568
1,0,0,0,0,0,1,1,1,0,1,1,1,1,1,1,0,1,0,1,1,0,1,0,1,0,1,0,12.0,1.0,13.427
1,0,0,1,1,0,0,1,0,0,0,1,1,1,1,0,1,0,1,0,0,1,1,0,0,0,0,1,13.0,0.0,12.512
0,0,1,1,0,0,1,1,1,0,1,1,1,0,1,1,1,0,1,0,0,0,0,1,1,0,0,1,15.0,2.0,14.11
0,1,1,1,1,0,0,0,1,1,1,1,1,0,1,1,1,0,0,1,0,0,0,0,1,1,1,0,18.0,3.0,13.391
1,0,1,1,1,1,0,0,1,0,0,1,1,1,0,0,1,0,1,0,0,0,1,0,1,1,1,1,17.0,0.0,13.718
0,0,0,1,0,1,1,0,0,1,1,0,0,0,0,0,0,1,0,1,1,1,1,0,0,0,0,1,23.0,0.0,8.242
0,0,1,1,1,0,0,1,1,0,1,0,1,0,1,0,0,0,1,0,0,1,0,0,0,0,1,1,21.0,0.0,11.138
1,0,0,0,1,1,1,1,0,0,0,0,0,0,0,1,1,1,1,0,0,0,1,0,0,0,1,1,24.0,0.0,11.605
1,1,0,1,1,1,1,1,0,0,1,0,0,0,0,0,1,0,1,0,1,1,1,1,1,0,1,0,15.0,1.0,13.412
1,0,1,1,1,1,1,0,1,1,1,1,1,1,0,1,0,1,0,0,0,0,1,0,0,1,0,1,16.0,1.0,14.586
0,0,0,1,1,0,1,0,0,1,1,0,0,0,1,0,0,1,0,0,1,0,0,0,1,1,0,0,18.0,2.0,8.321
0,0,1,0,0,1,1,0,1,1,1,0,1,0,0,1,1,0,1,1,0,1,1,1,1,1,1,1,11.0,2.0,13.94
1,1,0,1,1,0,1,1,1,1,1,1,1,1,1,1,1,0,1,1,0,0,1,1,1,1,1,0,10.0,2.0,17.565
1,0,1,0,0,1,1,0,0,1,0,0,0,0,1,1,1,1,0,0,1,0,0,1,0,0,1,1,18.0,1.0,11.049
1,1,1,1,0,1,0,1,1,0,0,1,1,1,1,0,0,0,0,1,0,0,0,0,1,0,1,0,14.0,0.0,14.263
0,1,0,0,0,1,0,1,0,0,1,0,1,0,1,1,0,0,0,0,1,1,0,1,0,0,0,0,24.0,0.0,8.956
1,1,0,1,1,0,1,0,0,1,1,0,0,0,1,0,1,1,1,0,1,0,1,0,0,0,0,0,17.0,1.0,10.751
0,0,1,0,1,0,0,0,1,0,1,1,1,1,0,1,0,0,0,1,1,1,0,0,0,0,1,0,23.0,0.0,9.932
0,1,0,1,1,1,0,1,0,0,0,0,0,0,1,1,1,0,0,1,0,1,0,1,0,0,0,0,18.0,0.0,10.396
0,0,0,1,0,1,1,1,1,1,0,1,0,1,1,1,0,1,0,1,1,0,1,1,0,0,0,1,7.0,0.0,14.357
1,1,0,1,0,1,0,0,0,0,0,0,0,1,0,1,1,1,1,1,0,1,0,1,1,1,0,1,15.0,1.0,11.942
0,1,1,1,1,1,1,1,1,1,1,0,1,1,1,0,0,0,1,1,1,0,0,0,0,0,1,0,12.0,1.0,14.878
1,1,0,1,1,0,0,1,1,1,0,0,1,1,1,0,0,1,0,0,1,0,0,1,1,0,0,1,14.0,0.0,12.688
1,1,1,0,1,0,1,0,1,0,1,1,1,1,1,0,1,0,0,1,1,0,0,1,1,0,0,1,14.0,1.0,12.243
1,1,1,0,0,0,1,1,0,0,0,0,1,1,1,1,1,0,0,1,0,0,1,1,1,1,0,1,17.0,1.0,13.815
1,0,1,1,1,0,1,0,0,1,0,0,1,1,0,1,0,1,1,0,0,0,0,0,1,0,0,0,21.0,0.0,11.623
0,0,1,0,0,1,0,1,1,1,0,0,0,0,0,1,1,0,0,1,0,0,1,1,0,1,1,1,23.0,2.0,12.118
1,0,0,0,1,0,1,0,1,0,1,1,1,0,1,1,0,1,1,0,1,0,0,1,1,1,0,1,16.0,3.0,11.535
1,1,0,0,1,1,0,0,0,1,0,1,0,1,1,1,0,0,1,1,0,1,0,1,0,0,1,1,14.0,1.0,11.043
0,1,1,1,0,1,0,0,0,1,0,0,1,0,0,1,1,1,0,0,1,0,1,1,0,1,0,0,15.0,1.0,12.047
1,0,0,1,0,0,0,1,1,0,0,0,0,0,1,0,0,1,1,1,1,0,1,1,1,1,0,0,16.0,1.0,10.497
1,1,1,0,1,1,1,0,0,0,0,0,1,1,1,0,0,1,1,0,0,1,1,0,1,0,0,1,16.0,0.0,11.676
1,0,0,0,0,1,0,1,0,0,0,1,0,0,0,1,1,0,1,1,1,1,0,1,0,1,0,0,18.0,2.0,11.043
1,0,1,1,1,1,0,1,1,1,1,0,1,0,0,1,1,0,1,1,0,1,1,1,0,1,0,1,6.0,1.0,16.671
0,0,0,0,0,0,0,1,0,1,0,1,1,1,0,1,1,0,1,1,0,0,0,0,0,0,1,0,23.0,1.0,10.312
0,1,0,0,1,1,1,0,0,0,0,1,1,1,0,0,0,0,0,0,1,0,1,0,0,1,1,1,25.0,1.0,8.28
1,1,0,1,1,0,1,0,1,1,1,0,0,1,0,1,0,1,1,1,1,1,1,0,0,1,1,1,11.0,0.0,14.734
0,0,1,1,1,1,0,1,0,0,0,1,1,1,1,0,1,1,1,0,1,0,0,0,1,1,1,1,12.0,1.0,15.157
1,0,1,0,0,0,0,1,1,1,1,0,1,1,0,0,1,0,0,1,1,0,0,1,0,1,0,1,16.0,3.0,12.204
0,1,0,1,1,0,1,1,0,1,1,1,0,1,1,0,1,1,0,1,1,1,1,0,1,0,1,1,17.0,0.0,13.693
0,1,1,0,0,1,1,1,0,1,0,0,0,0,1,0,1,0,1,0,0,0,0,1,0,1,0,1,24.0,2.0,11.174
0,1,0,0,0,0,1,0,1,0,0,0,1,1,0,1,1,0,0,0,0,1,0,1,1,1,0,0,20.0,1.0,9.263
1,0,1,0,1,0,1,1,0,0,0,1,1,0,0,0,0,1,0,0,1,1,0,1,1,1,1,1,18.0,2.0,12.424
0,1,0,0,0,0,0,0,1,1,1,1,1,1,1,1,1,1,1,0,0,1,1,1,0,1,0,0,15.0,2.0,11.993
1,1,0,0,0,1,0,0,1,0,1,1,0,0,1,0,0,1,0,0,1,1,0,1,0,1,1,1,24.0,2.0,9.27
0,0,1,0,1,0,1,1,0,0,1,1,1,0,1,0,0,0,0,1,1,1,1,1,1,1,1,1,20.0,2.0,11.571
0,1,0,1,1,1,0,1,0,1,1,1,0,1,0,1,1,1,0,0,0,0,0,1,1,1,0,0,14.0,2.0,14.04
1,1,0,0,0,1,0,1,0,1,1,1,1,0,0,0,1,1,1,1,1,1,1,1,1,1,1,0,17.0,3.0,14.073
0,1,0,0,1,0,1,1,1,0,0,1,0,1,0,0,0,0,0,0,0,1,1,1,0,1,1,1,23.0,2.0,9.33
1,0,0,1,1,0,0,1,1,0,0,1,0,0,1,0,1,0,1,1,0,1,0,0,1,0,1,1,15.0,1.0,12.09
0,0,0,1,0,1,0,1,0,0,0,1,0,0,1,0,1,1,1,1,0,0,0,1,1,0,0,1,17.0,1.0,11.004
1,0,1,1,0,0,1,1,0,0,1,1,0,1,1,1,1,0,1,1,0,1,1,1,1,0,0,0,12.0,0.0,14.028
1,0,0,1,1,0,1,1,1,0,1,0,0,0,0,1,1,0,1,0,1,1,1,0,1,0,1,1,16.0,0.0,14.028
1,1,0,0,1,1,1,1,0,0,1,0,1,1,0,1,0,0,1,1,0,1,1,0,0,1,0,0,9.0,0.0,13.769
1,0,1,0,1,0,1,0,1,0,1,1,0,0,0,0,1,0,1,1,0,1,1,1,0,0,0,0,24.0,2.0,9.1
1,1,0,1,1,1,1,1,1,1,1,0,1,0,0,0,0,1,0,1,1,0,0,1,1,0,1,1,10.0,2.0,14.886
0,0,0,0,1,1,0,0,1,1,0,1,0,1,1,0,1,0,0,1,0,0,1,0,1,1,0,0,22.0,2.0,8.084
0,0,0,1,0,1,0,0,0,0,0,0,0,0,1,1,1,1,0,0,1,1,1,1,0,1,0,1,22.0,1.0,9.283
0,0,0,1,1,1,1,1,1,0,1,1,1,1,0,1,1,0,0,1,1,1,0,0,1,0,1,1,14.0,0.0,15.272
1,1,1,1,1,0,1,0,1,0,0,1,0,1,0,0,1,1,1,1,1,0,0,0,1,1,1,0,13.0,0.0,13.789
1,1,1,0,1,1,1,0,0,0,0,1,1,1,1,0,1,0,1,0,0,1,0,0,0,0,1,0,17.0,0.0,12.204
0,0,0,1,1,1,0,0,1,0,0,1,0,1,1,0,1,0,1,0,1,0,0,1,1,1,1,1,16.0,1.0,11.072
0,0,0,1,0,1,1,0,1,1,0,1,1,1,0,1,0,1,0,0,0,1,1,0,0,0,1,0,12.0,0.0,12.883
1,0,0,1,1,1,0,0,1,1,1,0,0,0,0,0,0,0,1,1,0,1,1,0,1,1,0,0,17.0,0.0,9.898
0,1,1,1,1,0,0,1,1,0,1,0,0,1,0,0,1,0,1,1,1,1,1,0,1,0,1,1,16.0,0.0,13.447
1,0,0,0,0,0,1,1,1,0,0,0,0,0,1,0,0,0,1,0,1,1,1,1,0,0,1,1,25.0,0.0,9.071
0,0,0,0,1,1,0,1,0,1,0,1,0,0,1,1,1,1,1,1,0,0,0,1,0,1,0,0,15.0,3.0,11.551
0,1,1,0,1,0,1,0,1,0,0,0,0,1,0,0,1,0,1,1,1,0,0,1,1,0,1,1,21.0,1.0,9.947
0,1,0,0,1,0,0,0,0,0,1,1,1,0,1,1,0,1,0,1,1,0,1,0,0,1,1,1,20.0,3.0,9.656
1,1,1,1,0,1,1,1,1,0,0,1,1,0,1,0,1,1,0,0,0,0,1,1,0,0,0,0,16.0,1.0,14.694
0,1,1,0,0,0,0,0,1,0,0,1,1,1,1,0,0,1,1,1,0,0,0,1,0,1,1,0,22.0,1.0,10.548
1,1,0,1,0,0,1,1,0,0,0,1,1,0,1,0,0,0,0,1,1,0,0,1,1,0,1,0,13.0,1.0,11.897
0,0,1,0,1,0,0,0,0,1,1,0,0,1,1,1,0,1,0,1,1,1,0,1,1,0,0,1,15.0,1.0,9.907
0,1,0,0,1,1,1,1,0,1,0,1,1,0,0,0,0,1,1,0,0,0,0,0,1,0,1,1,21.0,2.0,12.11
0,0,1,1,1,0,1,1,1,1,1,0,0,1,1,0,1,1,1,1,0,0,1,1,0,0,0,1,13.0,1.0,13.439
0,1,0,0,0,0,0,1,0,1,0,0,0,1,1,0,1,1,0,0,0,1,1,0,1,0,0,0,26.0,1.0,8.073
0,1,1,1,0,0,1,1,1,1,0,1,1,0,0,0,0,1,0,1,0,0,0,0,1,0,1,1,19.0,1.0,13.446
0,1,1,0,1,0,1,0,1,1,1,0,1,0,1,1,1,1,1,0,1,0,0,1,1,1,0,1,11.0,3.0,14.129
1,0,0,1,0,0,0,0,0,0,1,0,1,1,0,0,1,0,1,1,0,1,1,0,0,1,0,0,16.0,0.0,10.022
0,0,1,0,1,0,0,0,1,1,1,0,0,1,1,1,1,0,1,1,0,0,1,1,1,0,0,0,18.0,2.0,10.591
0,0,1,0,0,1,1,1,0,0,1,1,0,0,1,1,0,1,1,1,0,0,0,1,1,0,0,1,16.0,2.0,12.273
0,1,0,0,0,1,0,0,1,1,1,0,0,0,1,0,0,0,0,1,1,0,1,1,0,0,1,1,22.0,2.0,7.292
1,0,0,0,0,0,0,0,0,1,1,0,0,1,1,1,1,0,1,0,1,0,0,0,0,0,1,0,19.0,2.0,9.418
1,1,1,0,1,1,0,1,0,1,1,1,0,1,0,1,1,1,0,0,1,1,1,0,0,0,0,0,16.0,1.0,14.579
0,0,1,1,0,1,0,0,0,1,1,0,1,1,1,1,0,0,1,1,0,1,1,0,1,1,1,0,12.0,1.0,13.054
1,1,1,0,0,0,0,1,0,0,0,1,0,1,1,1,1,0,1,0,1,1,0,0,0,1,1,0,19.0,1.0,13.596
0,1,1,0,1,1,1,1,1,0,1,1,0,0,0,1,0,1,1,1,1,1,0,0,1,1,0,0,16.0,1.0,14.168
1,1,1,1,0,0,1,0,1,0,0,1,1,0,0,0,1,0,1,1,0,0,1,1,1,0,1,1,17.0,2.0,13.357
0,0,0,1,0,1,1,1,0,1,0,1,1,1,0,1,1,1,0,0,0,1,1,1,0,0,1,0,8.0,1.0,15.322
0,0,0,1,0,0,0,0,1,1,1,1,1,1,0,1,1,0,0,0,0,0,1,1,0,1,0,0,19.0,2.0,11.335
0,0,0,1,0,0,1,1,1,1,1,1,0,1,0,1,1,0,0,0,1,0,0,0,0,1,0,0,18.0,1.0,12.421
1,1,1,1,1,0,0,0,0,0,0,0,0,1,0,1,1,1,1,1,0,0,0,1,0,0,0,0,21.0,1.0,10.591
1,0,1,0,1,0,0,0,1,1,0,1,0,1,0,1,0,0,0,1,0,1,1,0,1,0,0,0,16.0,1.0,10.604
1,1,1,0,0,0,0,0,0,0,1,1,0,1,1,0,0,1,1,1,1,0,1,1,1,1,0,0,16.0,2.0,10.536
0,0,0,1,1,1,0,1,0,1,1,0,1,0,0,1,0,0,1,1,1,1,0,1,0,0,0,0,16.0,1.0,11.679
1,1,1,1,0,1,0,1,1,0,0,1,0,0,0,1,0,1,1,0,1,1,0,0,0,1,1,1,18.0,1.0,15.685
1,1,1,0,0,1,1,1,0,0,0,0,0,1,1,1,1,0,0,1,0,0,1,1,0,1,0,1,17.0,1.0,13.555
1,1,1,1,1,0,1,1,1,1,0,0,0,0,1,0,0,1,1,1,1,0,1,0,1,1,0,1,14.0,1.0,14.078
0,1,1,0,0,0,0,0,1,0,0,0,1,0,1,0,1,0,1,1,1,0,1,1,0,0,0,0,24.0,0.0,8.444
1,1,1,0,1,1,0,0,1,1,0,0,0,0,0,0,0,1,0,1,1,1,1,0,0,0,0,1,24.0,1.0,9.436
0,1,0,1,1,1,1,1,0,1,1,1,0,0,0,1,0,1,0,0,1,1,0,0,0,0,0,0,25.0,1.0,11.988
1,0,0,1,1,1,1,0,0,1,1,1,0,1,0,1,0,0,0,1,0,0,1,0,1,0,0,1,16.0,1.0,11.473
1,1,1,1,0,0,1,0,0,0,1,1,1,0,0,0,1,1,1,0,0,0,1,1,0,1,1,1,20.0,3.0,13.294
0,1,1,1,1,1,0,1,0,0,1,0,0,1,0,0,1,0,1,0,0,1,0,1,1,1,0,0,12.0,1.0,12.808
1,1,0,1,0,0,0,0,1,0,0,1,0,0,0,0,0,1,1,1,0,1,0,1,0,1,1,0,21.0,2.0,9.922
1,1,0,1,0,0,0,0,0,0,1,0,0,0,1,0,1,1,1,1,0,0,0,0,1,0,0,1,19.0,1.0,9.619
1,1,0,0,0,1,1,1,0,0,0,1,1,1,1,1,0,1,0,1,0,0,0,0,0,1,0,1,19.0,1.0,13.305
0,1,0,1,1,1,1,1,1,0,0,0,1,1,1,0,0,0,1,1,0,0,0,1,1,0,1,1,19.0,0.0,12.94
0,0,1,1,1,0,1,0,1,1,0,0,1,0,0,1,0,0,1,0,0,0,0,0,0,1,1,1,25.0,0.0,11.465
1,0,1,0,1,1,0,1,1,0,0,0,1,1,0,1,0,0,1,1,0,0,0,0,1,0,0,1,16.0,0.0,13.135
0,0,0,1,1,1,0,0,0,0,0,0,0,1,0,0,1,1,0,1,1,0,1,1,1,1,1,1,20.0,1.0,9.287
1,1,0,1,0,1,0,1,1,1,0,1,0,0,1,1,0,0,0,1,0,0,0,0,0,0,1,0,16.0,1.0,13.394
1,1,1,1,1,0,1,0,1,1,1,1,0,0,1,0,0,1,0,0,1,0,0,0,0,1,0,1,21.0,3.0,11.736
1,1,1,1,1,1,0,1,0,0,0,0,0,1,0,0,1,1,1,0,0,1,1,0,1,0,1,1,15.0,0.0,14.408
1,1,0,1,0,1,1,1,0,1,1,0,1,0,1,0,0,1,0,0,1,1,1,1,1,0,0,0,15.0,0.0,13.469
0,1,1,1,1,0,1,0,1,1,0,0,0,0,0,1,0,0,1,0,0,1,1,0,1,1,1,0,20.0,0.0,12.082
1,0,1,0,1,1,0,0,0,1,0,0,1,0,0,1,1,0,1,1,0,0,1,0,0,0,0,1,19.0,1.0,10.957
0,1,1,0,0,0,1,0,1,1,1,0,0,0,1,1,1,1,0,1,1,0,0,1,0,0,0,0,16.0,2.0,10.762
0,1,1,1,1,0,1,0,1,1,1,0,1,0,0,1,1,0,0,0,1,0,0,1,1,1,0,0,10.0,2.0,13.392
1,0,1,1,0,0,1,0,1,0,1,1,0,0,1,0,0,0,1,0,1,1,0,1,0,1,1,0,22.0,2.0,10.601
0,1,0,1,0,0,1,1,0,1,1,1,0,0,1,1,0,0,0,1,0,1,1,0,0,1,0,0,14.0,2.0,12.098
1,0,0,1,0,1,0,0,1,1,0,0,0,1,0,0,0,0,0,1,0,1,0,0,0,1,0,0,24.0,0.0,7.985
0,1,1,0,1,1,0,1,1,0,1,1,0,0,0,0,0,0,0,0,1,1,1,1,0,0,0,0,30.0,3.0,9.084
1,1,0,1,0,1,1,1,1,1,1,1,1,1,0,0,0,0,0,0,0,0,0,1,1,0,0,1,19.0,2.0,13.436
1,0,1,0,1,0,0,0,0,0,1,1,0,1,1,0,1,1,0,1,0,1,0,1,1,0,0,0,21.0,0.0,8.734
1,1,0,1,0,0,1,0,1,1,1,1,1,0,0,1,1,1,0,1,1,1,1,1,1,1,1,1,12.0,2.0,15.797
1,0,1,1,1,0,1,1,1,1,1,0,1,0,1,0,0,0,0,0,1,1,1,1,1,0,1,1,17.0,1.0,13.387
0,1,1,0,0,1,0,0,0,0,1,0,1,0,1,0,1,1,0,1,1,1,0,1,0,0,0,1,19.0,0.0,9.501
1,0,0,1,1,1,1,0,1,1,0,1,0,0,0,0,0,1,1,0,1,0,0,0,1,1,1,0,19.0,1.0,11.461
1,0,0,1,0,0,1,1,0,0,1,0,0,1,0,0,1,1,1,1,1,0,1,0,1,0,1,0,12.0,1.0,12.552
0,1,1,0,1,1,1,1,1,0,0,1,1,0,0,0,1,1,1,1,0,0,1,1,0,1,0,0,14.0,2.0,14.197
0,0,1,0,0,0,0,1,0,1,1,0,0,1,0,1,0,1,0,0,0,0,1,0,1,0,0,1,18.0,2.0,11.002
0,1,1,0,1,1,0,1,0,0,0,0,0,0,0,0,0,0,0,0,1,0,1,1,1,1,0,1,28.0,2.0,8.612
1,0,0,0,1,1,0,1,1,0,0,1,0,1,1,0,1,1,1,0,0,1,1,1,1,0,1,1,13.0,0.0,13.293
0,0,1,1,0,1,1,1,0,1,0,1,1,0,1,0,1,0,0,0,1,1,1,1,0,0,1,1,16.0,1.0,14.056
0,0,1,0,1,1,0,1,0,0,0,0,1,1,1,0,1,1,1,1,1,1,1,0,1,0,1,0,17.0,0.0,12.726
0,0,1,0,0,0,0,0,1,0,0,0,1,0,0,0,1,0,0,0,0,0,1,1,0,1,1,0,30.0,1.0,7.614
1,0,1,0,0,1,0,0,1,0,1,1,0,0,1,0,1,1,0,0,0,0,0,0,0,1,0,0,27.0,3.0,8.945
1,1,1,1,0,0,0,1,1,0,1,0,0,1,0,0,0,1,0,1,0,0,1,0,1,1,1,0,18.0,1.0,12.858
0,0,0,0,1,1,1,0,1,0,1,0,1,1,0,1,0,0,0,0,1,1,0,0,0,1,0,0,26.0,1.0,7.866
1,1,1,1,0,1,1,1,0,1,0,0,1,1,1,1,1,0,0,0,1,1,0,0,0,0,1,1,17.0,0.0,16.215
0,0,1,0,1,0,1,1,1,0,0,1,0,0,1,1,0,0,1,0,1,1,0,0,0,0,0,0,23.0,1.0,10.579
1,1,0,0,0,0,1,0,0,1,1,0,0,1,1,1,1,1,0,0,1,0,0,0,0,0,0,1,17.0,2.0,10.706
0,0,0,0,1,0,1,0,0,0,1,0,1,1,0,1,0,1,0,1,1,0,0,0,0,1,1,0,23.0,1.0,8.255
0,0,1,0,0,1,1,0,1,0,0,1,1,0,0,1,0,0,0,0,0,1,0,0,0,1,1,1,24.0,1.0,10.308
1,0,1,0,1,0,0,1,0,0,1,0,1,1,0,1,1,0,0,1,0,1,1,0,1,1,0,0,10.0,0.0,13.214
1,1,0,1,0,1,0,0,1,1,0,0,1,0,1,1,1,0,1,1,0,0,1,0,0,1,1,0,18.0,1.0,13.269
0,1,1,0,1,0,1,1,0,0,0,1,1,1,0,0,0,0,1,0,1,0,1,0,0,1,1,1,17.0,0.0,12.867
1,0,0,0,1,0,1,1,1,0,1,0,1,0,1,1,1,0,0,0,0,0,0,1,1,1,0,0,15.0,2.0,11.898
0,0,1,1,0,1,1,0,0,0,1,0,0,1,1,0,1,1,1,0,0,1,1,0,0,1,0,1,17.0,1.0,11.226
1,0,1,1,0,1,1,0,0,0,1,1,0,1,1,0,0,1,1,1,1,1,1,1,1,0,1,0,15.0,0.0,12.151
1,0,1,1,0,1,0,1,1,1,1,0,0,1,0,0,1,0,0,0,1,1,1,1,1,1,0,1,14.0,1.0,14.377
0,1,1,0,0,1,1,1,0,1,0,0,1,1,0,1,1,1,1,1,0,0,0,1,1,0,0,0,18.0,2.0,13.978
1,1,1,0,1,0,1,1,1,0,1,1,1,1,1,0,0,0,0,1,1,0,1,0,0,0,1,1,16.0,1.0,13.62
1,0,1,0,0,1,1,0,1,0,0,1,0,0,1,0,1,0,1,0,0,0,0,1,0,0,0,0,24.0,1.0,9.034
1,0,0,1,1,0,1,1,0,1,1,0,1,1,1,1,0,0,0,0,0,0,0,0,0,0,1,0,20.0,2.0,12.036
0,0,1,0,0,1,1,0,1,1,0,1,1,0,0,1,1,1,0,1,1,0,1,1,1,1,1,1,11.0,3.0,14.248
1,0,0,1,0,0,0,0,1,0,1,1,0,1,0,1,0,1,1,0,1,1,0,1,0,0,1,0,17.0,1.0,11.264
1,0,0,1,0,0,0,1,1,1,0,0,1,0,1,0,1,1,0,1,1,1,1,1,1,0,1,0,16.0,0.0,12.673
0,0,1,0,0,1,0,1,1,0,0,1,0,0,0,0,1,1,0,1,1,1,0,0,0,0,1,0,25.0,1.0,10.602
1,0,0,0,0,0,1,0,1,0,0,1,0,0,0,1,0,1,1,1,0,0,0,0,0,1,0,1,28.0,1.0,8.866
1,1,1,0,0,1,1,1,0,0,0,0,1,0,1,0,1,0,1,1,0,1,0,0,0,0,0,0,23.0,0.0,11.488
0,1,1,1,0,1,0,1,0,1,1,0,1,1,1,1,0,1,1,1,0,1,1,0,1,0,0,0,9.0,0.0,15.503
0,1,0,0,0,1,1,0,0,0,0,0,0,1,1,1,1,0,1,1,0,1,0,0,0,0,0,0,27.0,0.0,7.374
0,1,1,0,1,1,1,1,0,0,0,0,0,1,0,0,1,1,0,0,0,0,0,0,0,0,1,0,26.0,0.0,10.669
1,1,0,0,1,0,1,0,1,1,1,1,0,0,0,0,1,0,1,1,1,0,1,0,1,1,0,0,20.0,3.0,10.451
1,1,1,1,1,1,1,1,0,0,1,0,1,0,0,0,0,0,1,1,1,0,1,1,0,1,1,1,10.0,2.0,15.039
1,0,0,0,0,0,1,1,0,0,0,0,0,1,1,0,0,1,1,0,0,0,1,0,1,1,0,0,24.0,1.0,8.996
1,1,0,0,0,0,0,0,0,0,1,0,0,1,1,0,1,1,0,1,1,1,1,1,0,1,0,0,19.0,1.0,8.676
0,0,0,1,0,1,0,0,1,0,0,1,1,1,1,1,0,1,0,0,1,0,1,1,0,0,0,1,12.0,0.0,11.579
0,0,1,0,0,1,0,0,0,1,1,0,1,0,1,0,0,1,1,0,0,1,1,1,1,0,0,1,16.0,1.0,9.867
0,0,1,1,0,1,0,1,0,1,1,0,0,0,1,0,0,1,0,1,0,1,0,1,0,1,1,1,15.0,1.0,11.856
1,0,1,1,1,1,1,1,0,0,0,1,1,0,0,1,0,0,0,0,0,0,1,0,1,0,1,1,17.0,2.0,14.196
1,1,0,0,1,0,1,1,1,0,1,1,0,0,0,1,1,0,1,1,1,0,0,1,1,1,0,0,15.0,3.0,12.608
0,0,0,0,1,1,0,1,1,1,1,0,0,1,0,1,0,0,1,1,1,0,0,1,0,1,1,1,13.0,3.0,12.264
1,0,1,0,1,0,0,1,0,0,0,0,1,1,1,1,1,1,0,0,0,0,0,0,1,1,0,0,18.0,1.0,12.346
1,0,0,1,1,1,0,0,0,0,0,1,1,0,1,1,0,1,1,0,1,0,1,1,1,1,1,1,10.0,2.0,13.473
0,1,1,0,1,1,0,0,1,1,0,1,0,1,0,0,0,0,0,1,1,1,0,0,0,1,1,1,24.0,1.0,10.292
1,1,1,1,0,1,1,1,1,0,0,0,1,1,1,1,1,0,1,1,0,0,0,1,0,0,0,0,15.0,0.0,15.324
1,0,0,1,0,1,0,1,0,1,1,1,0,1,1,1,1,0,1,0,0,1,1,0,0,1,1,1,11.0,1.0,15.747
1,1,1,0,0,1,1,1,1,0,0,1,0,0,0,1,0,1,1,1,0,1,0,1,0,0,0,0,15.0,2.0,13.555
1,1,0,1,0,0,0,0,0,1,0,0,0,1,0,0,1,0,0,1,1,0,1,0,0,1,0,1,22.0,0.0,9.348
0,0,0,1,0,1,1,1,0,1,0,1,1,1,1,1,0,1,1,1,0,0,0,0,1,0,0,1,11.0,0.0,14.745
0,1,1,1,1,0,0,0,1,1,1,0,0,0,0,1,0,0,1,1,0,0,1,1,0,0,0,0,22.0,2.0,10.075
0,1,0,1,0,0,0,0,0,1,1,0,1,1,1,0,0,1,1,1,0,0,1,0,1,0,1,0,18.0,1.0,10.792
1,1,1,1,1,1,0,1,1,0,0,1,0,0,0,1,1,0,1,0,0,1,0,0,1,0,0,1,10.0,1.0,15.59
1,0,0,0,1,0,1,1,0,0,1,0,1,1,1,0,1,0,0,1,1,1,1,0,0,0,1,0,17.0,0.0,10.936
1,0,0,1,0,0,0,1,1,0,1,1,0,1,0,0,0,0,1,1,0,1,1,0,0,0,1,0,17.0,0.0,11.139
0,0,1,0,0,1,1,1,1,0,1,1,1,1,1,0,0,0,1,0,0,0,0,0,0,0,0,1,24.0,1.0,11.765
1,1,0,1,0,0,0,1,0,0,0,0,1,0,0,1,1,0,1,1,1,0,0,0,0,1,1,1,19.0,0.0,13.009
1,0,1,1,0,0,1,1,0,0,0,1,1,0,0,0,1,0,0,0,1,1,0,1,1,0,0,0,20.0,2.0,11.545
0,0,1,1,1,0,1,1,0,1,0,1,1,0,1,0,0,0,1,0,0,1,1,0,1,0,1,0,13.0,1.0,12.972
1,1,0,1,0,1,1,0,1,1,0,0,0,0,0,0,0,1,0,1,1,1,1,1,1,1,1,1,22.0,1.0,11.486
1,0,1,0,1,1,1,0,1,1,0,1,1,0,0,0,1,0,0,0,0,0,0,1,1,0,0,1,18.0,3.0,11.278
0,1,1,1,0,0,0,1,0,0,0,1,0,0,0,0,1,0,0,0,1,0,0,1,0,1,0,0,21.0,2.0,9.895
0,0,0,1,1,0,1,1,1,0,0,1,0,0,0,1,0,1,0,1,1,0,0,1,1,1,1,0,16.0,2.0,12.034
0,0,1,0,0,1,0,0,0,1,0,0,0,1,0,0,1,0,1,0,0,1,0,0,0,0,0,0,31.0,1.0,6.649
1,1,0,1,0,1,1,0,0,1,1,0,1,0,0,1,0,0,1,1,1,1,1,0,1,0,0,0,15.0,0.0,12.476
1,1,0,1,1,1,0,0,0,1,1,1,0,0,0,1,0,0,0,1,0,0,1,1,0,0,0,0,24.0,3.0,9.523
1,0,1,0,1,0,1,0,0,1,1,1,1,0,0,1,0,0,1,0,0,1,0,1,1,1,1,1,15.0,3.0,12.863
0,1,0,1,1,0,1,1,1,0,0,0,1,1,1,0,1,1,1,1,0,1,0,1,0,1,1,1,15.0,1.0,13.856
0,0,1,1,1,1,1,1,1,0,0,0,1,0,0,1,0,0,0,0,0,0,1,0,0,0,0,0,25.0,1.0,11.057
0,0,0,1,1,1,0,1,0,0,0,1,1,1,0,1,1,1,1,1,1,0,0,1,1,0,1,1,9.0,1.0,14.991
1,0,0,0,0,1,0,1,0,1,1,1,1,1,1,1,0,1,0,1,0,0,1,1,1,0,1,0,14.0,2.0,13.433
1,0,0,1,1,0,0,0,0,0,1,1,1,1,0,0,0,1,1,1,1,0,0,0,1,1,0,1,19.0,1.0,10.466
0,0,1,1,0,0,1,0,0,1,1,1,0,0,1,0,0,1,1,1,1,1,0,1,0,0,0,1,20.0,1.0,9.68
1,1,0,1,1,1,1,0,1,1,1,0,0,0,1,1,1,0,0,1,0,0,1,0,1,0,1,0,11.0,1.0,13.481
1,0,1,0,0,1,0,0,1,1,0,1,1,0,0,0,0,1,1,1,0,0,1,1,0,0,0,1,18.0,3.0,10.882
1,0,1,1,1,0,1,0,1,1,1,1,1,0,1,0,1,1,1,0,0,1,0,1,1,0,0,1,12.0,1.0,13.701
0,1,0,1,0,1,0,1,0,1,1,1,0,0,0,1,0,1,0,1,1,0,0,1,0,1,0,0,16.0,3.0,12.146
1,0,0,1,1,0,1,0,1,0,1,1,0,1,1,0,1,1,1,0,1,0,0,1,1,1,1,0,16.0,2.0,12.22
0,1,0,0,0,0,1,1,0,0,0,0,1,0,0,1,0,0,1,1,0,0,1,0,1,1,1,0,25.0,0.0,9.894
1,0,1,1,0,1,1,1,1,1,0,1,1,0,1,1,0,1,1,1,1,0,1,0,0,0,1,0,4.0,1.0,17.425
1,1,1,0,0,0,1,0,1,0,1,1,0,0,0,1,0,0,0,0,0,1,0,0,1,0,1,1,25.0,1.0,10.414
1,1,0,0,1,1,0,0,1,0,1,1,1,0,1,0,1,1,1,1,0,1,1,1,0,0,0,0,19.0,1.0,10.374
0,1,1,0,0,0,1,1,0,1,1,1,1,1,0,1,0,1,0,1,1,0,1,0,0,0,1,1,15.0,2.0,14.279
1,1,0,1,0,0,1,0,0,1,0,1,0,0,1,0,1,0,1,1,1,0,0,1,1,0,0,0,17.0,1.0,10.293
1,0,1,1,0,0,1,0,0,0,1,1,0,0,0,0,0,1,1,1,1,0,1,0,1,1,0,0,20.0,2.0,10.211
1,1,1,1,0,0,1,0,1,1,1,1,0,1,1,1,0,0,1,1,0,0,0,1,1,1,0,0,13.0,2.0,13.83
0,0,1,1,1,1,1,1,1,1,0,0,1,0,0,1,1,0,1,1,0,1,0,1,1,1,0,1,11.0,1.0,15.479
1,0,1,0,1,0,0,1,1,0,1,0,1,0,1,0,1,0,1,1,1,0,1,1,0,1,0,1,14.0,2.0,12.475
1,1,0,1,0,0,0,0,1,0,0,1,0,1,0,1,0,1,0,0,0,1,0,0,1,0,1,1,15.0,0.0,12.083
0,0,0,1,0,1,1,0,1,0,0,0,0,0,1,0,0,1,1,1,0,0,0,0,0,1,0,1,30.0,1.0,7.692
1,0,1,1,1,0,0,1,0,0,1,1,1,0,0,0,1,0,1,0,1,1,0,0,0,1,0,0,22.0,1.0,11.919
1,1,0,1,0,1,0,0,1,1,0,0,1,0,0,0,0,1,1,1,1,1,1,1,0,1,0,0,18.0,1.0,11.247
1,1,1,1,0,0,0,0,1,1,0,0,0,1,1,0,0,1,0,1,1,1,1,0,0,1,1,0,21.0,1.0,11.434
1,1,1,0,1,1,0,1,0,0,1,0,1,1,0,1,1,0,0,0,0,0,1,0,0,0,1,1,15.0,1.0,14.736
0,0,1,0,0,0,1,0,1,0,0,0,0,1,0,0,1,0,1,0,0,0,0,1,0,1,1,1,28.0,1.0,8.651
0,0,1,0,1,0,0,1,1,1,0,1,0,0,1,0,1,0,1,1,1,1,1,1,0,1,1,0,18.0,3.0,11.936
0,0,1,0,0,1,0,1,1,1,0,1,0,0,1,1,0,1,1,0,1,1,1,0,0,0,0,0,17.0,2.0,12.823
0,0,0,0,1,0,0,1,0,0,0,1,0,0,0,1,1,1,0,1,0,0,1,1,0,0,0,1,23.0,2.0,8.447
1,1,0,1,0,1,0,0,0,1,1,0,0,1,1,1,1,0,1,1,0,1,0,1,0,1,1,1,10.0,1.0,13.506
0,0,1,0,1,0,1,0,1,0,1,0,1,1,0,1,0,1,1,0,1,1,1,0,1,1,0,1,16.0,0.0,12.699
0,0,0,0,0,0,0,0,1,1,1,1,0,0,0,1,1,0,0,0,0,0,1,1,0,0,1,1,30.0,4.0,7.747
0,1,0,1,1,0,0,1,1,0,1,1,0,0,1,0,1,1,0,0,0,0,0,0,1,0,0,0,25.0,2.0,10.104
0,1,0,1,0,1,0,0,0,0,0,0,0,1,0,0,0,0,1,1,0,0,1,0,1,0,0,1,25.0,0.0,7.671
1,0,1,0,1,0,0,1,1,0,1,0,1,0,0,0,0,0,1,0,1,0,0,1,1,0,1,0,15.0,2.0,11.179
1,1,1,1,0,1,0,0,0,1,1,0,0,0,0,1,0,0,0,0,1,0,0,1,0,0,0,1,19.0,2.0,9.987
0,0,0,1,1,1,0,1,1,0,0,0,0,1,1,1,1,1,0,1,1,0,0,1,1,0,0,1,11.0,0.0,12.778
0,1,1,0,1,0,0,0,0,1,0,1,0,0,1,0,1,1,0,1,1,0,1,1,0,0,1,0,16.0,2.0,9.842
0,1,0,0,1,0,1,1,1,0,0,0,1,0,0,0,1,1,1,1,1,1,0,0,1,1,0,0,22.0,0.0,10.318
1,1,0,1,0,0,1,0,0,1,1,0,1,0,1,1,0,0,0,0,1,1,0,1,0,1,1,1,18.0,1.0,11.982
0,1,1,0,0,0,1,1,0,0,1,0,0,0,0,0,1,1,0,0,1,1,0,1,1,1,1,1,23.0,1.0,11.338
1,1,1,0,0,0,1,0,1,1,1,0,0,0,0,0,1,1,0,0,1,0,1,1,1,0,1,1,19.0,3.0,11.773
0,0,0,1,0,0,1,0,1,1,0,0,1,1,0,0,0,0,0,1,0,0,0,1,0,0,0,0,29.0,1.0,7.082
1,1,1,0,0,0,1,1,1,1,0,1,0,1,0,0,1,1,1,0,1,1,1,0,1,1,1,1,14.0,1.0,16.096
0,0,0,0,0,0,1,1,1,0,0,0,1,0,0,1,1,1,1,0,0,0,1,1,0,0,0,1,22.0,1.0,10.29
1,1,0,1,0,1,1,0,0,0,1,0,1,1,1,1,1,0,0,0,0,1,1,0,0,0,0,0,14.0,0.0,12.337
1,1,1,1,1,1,1,0,1,1,1,0,1,0,1,0,0,0,0,1,1,1,0,1,1,1,0,1,14.0,1.0,13.12
0,0,0,0,1,1,1,1,0,1,0,1,1,1,1,0,1,1,1,0,0,0,0,0,1,0,1,1,19.0,1.0,13.0
1,0,0,1,0,1,1,0,1,0,0,0,0,1,0,1,0,0,0,1,1,1,0,1,1,0,0,1,17.0,1.0,10.282
1,1,1,1,0,0,1,1,1,1,1,1,0,0,1,0,0,0,0,0,1,1,0,0,0,1,0,0,24.0,2.0,11.839
1,1,1,0,1,1,1,1,1,0,0,1,1,0,0,0,1,0,1,1,1,0,0,1,0,0,0,0,14.0,2.0,13.585
0,1,1,0,0,0,0,1,0,1,0,1,0,0,0,0,1,0,1,0,0,0,0,0,1,1,0,1,27.0,2.0,10.449
1,1,0,1,1,0,0,0,1,1,1,0,0,1,0,0,1,0,1,0,0,0,0,1,0,1,1,1,19.0,2.0,11.659
1,0,1,0,0,1,1,1,1,0,1,1,0,1,0,1,0,1,1,1,0,1,0,0,1,1,1,1,11.0,0.0,15.831
1,1,0,1,0,0,0,0,0,1,1,1,0,0,0,1,1,0,0,1,0,0,1,0,1,1,1,1,22.0,2.0,11.995
1,1,0,0,1,0,1,1,0,0,0,0,1,1,0,0,1,0,0,0,0,1,1,0,0,0,0,0,24.0,0.0,9.454
1,0,0,1,1,0,0,0,0,0,0,1,1,0,0,1,0,1,0,1,0,0,1,0,0,0,0,1,17.0,1.0,10.235
1,1,1,1,1,0,1,1,1,1,0,1,0,1,1,1,1,0,0,1,0,0,0,1,1,1,1,1,9.0,1.0,17.019
0,1,0,1,0,0,1,1,0,1,0,1,1,1,1,1,0,1,0,1,1,0,1,1,0,0,0,1,8.0,0.0,14.297
1,1,0,0,0,0,0,1,1,0,1,1,0,0,0,1,1,0,1,1,0,0,1,0,0,1,1,0,24.0,2.0,11.832
1,1,1,0,1,1,0,1,1,0,1,0,0,0,0,0,1,0,1,1,1,1,1,0,0,0,0,1,17.0,0.0,12.8
0,1,1,1,0,1,1,1,0,0,1,0,0,0,0,1,0,1,1,1,1,0,0,1,0,1,1,1,13.0,2.0,14.369
1,0,0,1,1,1,0,1,1,1,0,1,0,1,1,0,1,1,0,0,1,1,0,0,1,0,1,0,12.0,0.0,14.36
1,1,0,0,0,1,1,1,1,1,0,1,0,0,0,0,1,1,1,1,1,0,0,0,0,1,1,1,20.0,2.0,13.64
0,1,1,0,0,1,1,0,1,0,0,0,0,1,1,0,0,0,1,0,1,1,1,1,0,0,1,0,22.0,0.0,9.598
1,0,1,0,1,0,1,0,1,0,0,1,0,1,1,0,1,1,1,1,0,0,0,1,0,0,0,1,17.0,0.0,10.891
0,1,0,0,0,0,0,0,0,0,1,1,0,1,1,1,0,0,0,1,0,0,1,0,1,0,0,1,24.0,1.0,7.452
0,1,0,1,0,0,0,1,1,0,1,0,0,0,0,1,0,0,1,1,0,1,1,1,1,1,1,0,16.0,1.0,12.17
1,0,0,0,1,1,0,0,0,1,0,1,0,0,0,1,1,0,0,0,0,1,0,0,0,0,1,1,25.0,2.0,8.962
0,1,0,1,0,0,0,1,1,1,1,1,1,0,0,1,0,0,0,0,1,1,1,1,0,1,0,0,19.0,2.0,12.285
0,0,0,1,1,0,1,1,1,1,1,0,0,1,0,1,1,0,0,1,1,0,0,0,1,0,1,0,10.0,1.0,13.153
0,1,0,0,0,0,1,1,0,1,1,1,0,1,1,0,0,0,0,1,1,1,0,0,1,0,1,1,25.0,1.0,9.449
1,1,1,1,1,0,1,1,0,0,1,1,1,1,1,0,0,0,0,0,0,0,0,0,1,0,0,1,21.0,2.0,12.248
1,0,0,1,1,1,1,0,1,1,1,1,1,0,1,0,1,0,1,1,0,1,1,1,0,0,1,0,12.0,1.0,12.958
0,0,0,1,1,1,1,1,1,0,0,1,0,1,0,1,1,0,0,0,1,0,1,1,0,0,1,1,11.0,1.0,14.24
0,1,0,0,1,1,0,1,0,0,0,0,1,1,1,0,1,0,1,0,0,1,0,0,1,0,0,0,23.0,0.0,9.804
1,0,0,0,1,0,1,1,1,0,0,1,1,0,0,1,0,0,0,1,1,0,0,1,0,1,1,1,14.0,2.0,12.171
1,0,0,1,0,1,0,1,0,1,1,0,1,0,1,1,0,0,0,0,0,0,1,0,0,1,1,0,19.0,2.0,12.656
1,0,0,1,0,0,1,1,0,0,1,0,1,0,0,1,1,0,1,0,0,1,0,1,0,1,0,0,11.0,1.0,12.884
0,0,0,0,1,0,1,1,0,1,1,0,1,1,1,0,1,1,0,1,0,0,1,0,1,0,0,0,23.0,2.0,9.514
0,1,1,1,0,0,0,1,0,1,0,1,0,0,1,1,0,0,1,0,0,0,0,0,1,0,1,1,18.0,1.0,12.924
1,1,0,0,1,1,1,1,0,0,0,1,0,1,1,0,1,1,1,0,1,0,0,0,1,0,1,1,14.0,0.0,13.553
1,0,1,1,1,0,0,0,0,1,1,0,1,0,0,0,1,0,0,0,0,0,0,1,0,0,1,1,22.0,2.0,10.064
0,0,0,0,0,1,0,0,0,1,0,0,0,0,0,0,1,1,0,1,1,1,1,1,0,1,1,0,32.0,2.0,5.946
1,1,1,0,0,0,0,0,1,0,0,1,1,0,0,1,0,0,0,0,0,0,1,0,0,1,1,0,24.0,1.0,10.713
0,1,0,1,0,0,0,1,1,1,1,0,1,0,0,1,1,1,1,0,1,1,0,0,1,0,0,0,16.0,0.0,13.757
0,1,1,1,0,1,1,1,0,1,0,0,1,1,0,1,1,1,1,0,1,1,1,1,1,1,0,0,10.0,1.0,16.901
1,1,0,1,0,0,1,0,1,1,1,1,0,0,1,0,1,1,1,0,1,1,0,1,0,0,1,0,17.0,1.0,12.367
0,1,1,1,1,0,1,0,0,1,1,0,0,0,0,0,0,0,0,0,0,1,1,1,0,1,0,1,25.0,2.0,8.607
1,1,1,1,0,1,1,1,0,1,1,0,0,0,1,0,1,1,0,1,0,1,1,1,0,0,1,0,8.0,0.0,14.8
1,0,1,0,0,0,1,0,0,1,1,0,1,0,0,0,1,0,1,1,0,0,1,0,0,1,0,1,22.0,2.0,10.467
0,0,1,1,0,1,1,0,1,1,0,0,1,0,0,1,0,1,1,1,0,0,1,0,0,0,1,1,20.0,0.0,12.449
0,0,1,1,1,1,0,0,0,1,0,1,0,1,0,1,0,1,1,1,0,0,1,0,1,0,0,1,14.0,0.0,12.034
1,0,1,0,1,1,0,0,0,0,0,1,0,0,1,0,0,1,0,0,1,1,1,1,0,1,1,0,21.0,2.0,9.33
1,0,0,1,1,0,1,0,1,1,1,0,0,0,1,1,0,0,0,0,1,1,0,0,1,1,1,1,18.0,2.0,11.523
0,1,1,1,0,1,1,1,0,0,0,1,1,1,1,0,0,0,0,1,1,1,1,1,1,1,0,0,12.0,1.0,14.061
1,0,0,0,0,0,0,1,0,1,0,1,0,0,1,0,1,0,0,1,1,1,0,0,0,0,1,1,26.0,2.0,9.054
1,1,0,0,0,0,0,1,0,0,1,0,0,0,0,0,1,1,0,0,1,0,1,1,0,0,0,0,25.0,2.0,8.133
0,1,0,0,0,1,1,1,0,1,1,0,0,1,0,1,0,0,1,1,0,0,0,1,0,1,0,1,18.0,3.0,11.659
1,0,1,1,1,0,0,0,0,0,1,1,1,1,1,1,1,0,1,1,0,1,1,1,0,0,1,1,12.0,0.0,13.747
1,0,1,0,0,0,0,0,0,1,0,0,1,1,1,1,0,1,1,1,0,1,0,0,0,0,1,0,19.0,1.0,10.887
0,0,1,0,1,0,0,0,1,1,0,1,0,1,1,1,0,0,0,1,1,1,1,0,1,1,0,1,17.0,2.0,11.199
1,0,1,0,0,0,1,0,1,1,0,0,0,1,0,0,1,1,0,1,1,1,0,0,1,0,1,1,23.0,1.0,10.658
1,0,1,0,1,0,0,1,0,1,1,1,0,1,0,1,0,1,0,0,1,0,1,1,0,0,0,0,17.0,3.0,11.619
1,1,0,0,1,1,0,1,0,0,1,1,1,0,1,0,1,1,1,1,1,0,0,0,1,0,0,0,18.0,2.0,11.883
0,1,0,1,1,0,1,1,1,1,0,0,0,0,0,1,0,1,0,1,1,1,1,0,0,0,0,0,23.0,0.0,11.212
0,0,0,1,1,1,0,1,1,0,0,0,1,0,0,1,0,0,0,0,1,0,1,0,0,0,1,1,21.0,1.0,11.186
1,1,1,1,0,0,1,0,1,1,1,0,0,1,1,1,0,1,0,1,1,1,0,1,0,0,0,1,10.0,0.0,13.574
0,0,0,1,1,1,1,1,0,1,1,0,1,1,1,1,1,1,1,1,1,0,0,1,0,1,1,0,7.0,2.0,15.915
1,1,0,0,1,0,0,0,0,0,0,1,0,1,1,1,1,0,0,1,1,1,0,1,0,0,1,1,18.0,0.0,10.193
1,1,0,1,0,0,0,0,1,0,0,1,1,1,1,0,0,0,1,0,1,0,1,1,0,1,1,1,15.0,1.0,12.424
0,0,1,0,0,0,0,1,0,1,0,1,1,1,0,1,1,1,0,1,0,1,1,1,1,1,0,1,12.0,2.0,13.942
0,0,0,1,1,0,1,0,1,1,1,1,1,1,0,0,0,1,1,1,1,1,1,0,1,1,0,0,17.0,0.0,11.989
1,1,0,0,0,0,0,1,1,0,1,1,0,1,1,1,1,0,0,1,0,1,0,1,0,0,1,1,16.0,0.0,12.268
0,0,1,1,0,0,0,0,1,1,0,1,1,0,1,0,0,0,0,0,0,1,0,1,0,0,0,1,21.0,1.0,8.742
0,0,1,0,1,0,1,1,1,1,1,0,0,1,1,0,0,0,0,1,0,0,0,0,1,1,1,1,20.0,3.0,11.354
1,1,0,1,1,0,0,1,1,0,1,0,0,1,0,0,1,0,0,0,0,1,1,0,1,0,1,1,15.0,0.0,12.728
0,1,0,1,1,1,1,1,0,0,1,1,1,0,1,1,1,0,0,1,1,1,0,1,1,1,0,1,13.0,2.0,14.876
0,1,0,0,1,1,1,0,1,0,1,1,1,1,0,0,0,0,1,1,0,0,1,1,1,1,1,0,24.0,2.0,9.806
1,1,1,1,1,0,1,0,1,0,1,1,1,1,1,1,1,0,1,1,1,0,1,0,0,1,0,0,8.0,2.0,15.602
1,1,1,1,1,0,0,0,0,0,0,1,0,1,0,0,0,0,0,1,0,0,0,1,1,1,0,1,21.0,1.0,9.703
1,0,1,1,1,0,0,1,0,1,0,0,0,1,1,0,0,1,1,1,0,0,0,0,1,0,0,1,19.0,0.0,11.257
0,0,1,1,0,1,0,1,0,0,1,0,0,1,1,0,0,0,0,1,1,1,0,1,1,0,1,0,16.0,0.0,10.871
0,0,0,1,0,0,0,0,1,0,0,1,1,0,0,1,1,0,1,1,0,0,1,0,0,1,1,1,19.0,1.0,11.735
0,1,1,1,0,1,1,1,0,1,0,1,1,1,1,1,1,1,1,0,0,1,0,1,1,1,1,0,6.0,1.0,18.252
1,1,1,1,1,0,1,0,1,0,1,0,1,0,1,1,1,0,0,0,0,1,1,0,0,1,1,1,10.0,1.0,15.042
1,0,1,1,0,1,0,0,0,0,1,1,1,1,0,1,0,1,0,1,1,1,1,0,1,0,1,0,14.0,0.0,13.141
0,1,1,1,0,0,1,0,1,0,1,1,0,0,0,1,0,1,0,0,1,0,0,1,1,0,1,1,20.0,3.0,11.739
0,0,0,1,0,1,0,1,1,0,1,1,0,0,0,1,0,0,1,1,1,0,0,1,0,0,1,0,17.0,3.0,11.545
1,1,0,1,0,0,1,1,0,0,1,0,1,1,0,0,0,1,0,0,0,0,0,1,0,1,0,0,18.0,2.0,11.479
0,1,0,0,0,0,1,0,1,0,1,1,0,1,1,0,0,1,1,1,0,1,1,1,1,0,0,0,23.0,0.0,8.078
0,1,1,1,0,1,0,0,0,0,1,1,0,1,1,1,0,1,1,0,0,0,1,0,0,0,0,1,18.0,1.0,11.767
1,0,1,0,1,1,0,0,1,1,0,1,1,1,1,0,0,1,0,0,1,0,1,1,0,0,1,1,15.0,1.0,12.196
0,0,0,0,1,0,0,1,0,1,1,1,0,1,0,0,0,0,1,0,1,0,1,0,0,1,1,0,25.0,2.0,8.407
0,0,1,1,0,1,0,1,1,1,1,1,0,1,1,0,0,1,1,1,1,1,0,1,0,0,1,0,15.0,0.0,13.45
1,1,1,1,0,1,0,1,1,0,1,1,0,0,1,1,0,0,0,1,1,1,0,0,1,0,1,1,14.0,1.0,14.982
1,1,0,1,1,0,1,0,1,1,1,0,1,0,0,1,1,1,1,0,0,0,1,1,0,0,0,1,11.0,2.0,14.288
1,1,1,0,1,1,1,1,0,1,0,1,1,0,0,0,1,0,0,1,0,1,1,1,0,0,1,1,12.0,3.0,14.697
1,1,1,1,1,0,1,1,0,0,0,1,0,0,0,1,1,0,1,1,0,0,1,1,1,1,1,0,15.0,2.0,14.949
0,1,0,1,0,1,1,1,0,1,1,0,1,1,1,1,0,1,0,0,1,0,0,0,0,0,1,1,14.0,1.0,14.778
1,0,0,0,0,0,0,0,0,0,1,0,1,0,1,0,0,1,1,0,1,0,0,0,1,1,0,1,22.0,2.0,7.975
0,1,0,1,0,1,0,0,0,0,0,0,0,0,0,0,0,0,1,1,1,0,0,1,0,1,0,0,26.0,1.0,6.382
0,1,0,1,1,0,0,1,0,0,0,1,1,0,0,1,0,0,1,0,1,1,1,0,0,1,0,0,15.0,1.0,12.423
1,0,1,1,1,1,1,0,0,0,0,0,0,1,0,1,1,1,1,1,0,1,0,0,0,0,1,0,16.0,0.0,12.136
1,0,0,1,1,1,0,0,1,0,0,0,1,1,1,1,0,1,1,0,0,0,0,0,0,1,0,0,21.0,1.0,11.147
1,0,1,0,1,1,0,0,1,0,0,0,0,1,0,1,1,0,1,0,1,1,1,0,0,0,0,1,18.0,0.0,11.19
1,1,1,1,0,1,1,0,1,1,0,0,1,0,0,0,1,0,1,1,1,0,0,1,1,0,1,0,14.0,1.0,13.011
1,0,1,0,1,1,0,1,0,0,1,1,0,0,0,0,1,1,1,1,0,1,1,1,0,1,1,0,19.0,2.0,12.475
1,1,1,0,0,1,0,1,1,1,0,1,0,0,0,0,0,0,0,0,1,1,1,0,1,0,0,0,26.0,2.0,11.011
0,1,1,1,0,1,1,0,0,1,0,0,1,0,0,0,0,0,0,0,0,0,0,1,0,0,0,1,28.0,1.0,8.071
0,0,0,1,0,0,1,1,1,0,1,1,1,0,0,1,1,1,1,0,0,0,0,0,1,0,0,0,21.0,2.0,12.636
1,0,0,1,1,0,1,1,1,0,1,1,0,1,0,1,1,1,1,0,1,1,0,1,1,0,1,1,13.0,1.0,15.339
0,1,1,0,1,0,0,1,0,0,1,1,1,0,0,0,0,0,0,0,0,0,0,1,1,1,0,1,29.0,4.0,8.97
1,1,0,0,0,0,0,1,0,1,1,1,1,1,1,1,0,1,0,1,1,1,0,0,1,0,0,1,15.0,1.0,13.019
0,1,0,1,1,1,0,1,0,0,1,1,1,0,0,1,0,0,0,1,1,0,0,0,0,0,1,0,17.0,2.0,12.197
1,0,0,1,1,0,1,1,0,0,0,1,0,1,1,0,1,1,1,0,1,1,1,0,1,1,0,0,13.0,1.0,13.384
1,0,1,1,0,0,0,1,1,1,1,0,1,0,0,0,0,0,0,1,0,0,0,0,0,1,0,1,24.0,1.0,11.132
0,1,1,1,1,0,1,1,1,1,0,0,0,0,1,0,0,1,1,1,1,1,1,0,1,0,1,1,18.0,0.0,13.405
1,1,0,0,1,0,1,0,1,0,1,0,1,0,0,1,1,0,0,1,1,1,0,0,1,1,1,0,17.0,0.0,11.779
0,0,1,1,0,0,1,1,0,0,1,0,1,0,0,1,0,1,1,1,1,1,1,1,1,1,0,1,13.0,1.0,13.864
0,1,0,0,1,0,0,1,0,0,0,1,0,1,0,1,0,0,0,1,1,1,1,0,0,0,1,0,19.0,0.0,9.486
0,0,1,1,0,0,0,0,1,1,1,0,1,0,0,1,1,0,0,1,0,0,0,0,1,0,1,1,19.0,1.0,11.68
1,0,1,1,0,1,1,1,1,0,0,1,1,1,1,1,0,0,0,0,1,0,1,1,1,0,1,1,10.0,0.0,16.069
0,1,0,1,0,1,1,1,0,1,1,0,0,0,1,0,0,0,1,0,0,1,0,1,1,0,1,1,15.0,0.0,12.274
1,1,1,1,1,1,1,1,1,0,1,0,0,0,1,0,0,1,1,0,0,1,1,1,0,0,1,1,10.0,0.0,15.096
1,1,0,0,1,1,0,1,0,1,1,0,0,0,0,1,0,1,0,1,0,0,1,1,1,0,0,0,20.0,3.0,10.989
1,0,0,0,1,1,1,1,1,0,1,0,0,0,1,1,0,0,1,0,0,0,1,0,1,1,1,1,15.0,2.0,13.316
0,0,0,0,1,1,1,1,0,1,1,0,0,0,0,1,0,1,1,0,0,0,0,0,1,0,0,1,20.0,2.0,10.818
0,0,0,0,0,0,0,1,1,0,1,1,1,1,1,1,0,1,1,0,0,0,0,0,0,0,0,1,25.0,1.0,10.136
1,0,1,0,0,0,1,1,1,0,1,0,0,0,1,0,0,0,0,0,1,0,0,1,0,0,1,1,22.0,1.0,9.451
0,0,0,0,1,1,0,0,0,1,1,1,0,0,1,0,1,1,1,0,0,1,0,0,1,1,1,0,24.0,3.0,8.233
0,1,0,1,1,1,0,0,1,0,1,0,1,1,1,0,0,1,1,1,1,0,0,0,0,1,1,0,19.0,2.0,11.133
1,1,1,1,0,0,1,1,0,0,1,1,0,1,0,1,0,1,0,0,1,1,1,0,0,0,1,0,14.0,0.0,14.476
1,0,1,0,1,0,1,1,0,0,0,0,1,0,0,0,1,0,0,0,0,1,0,1,0,1,0,0,20.0,1.0,9.918
0,1,1,1,0,1,1,0,0,0,1,1,0,0,0,1,1,0,0,1,0,1,1,0,1,1,0,1,19.0,1.0,12.048
1,0,1,1,1,1,1,0,0,1,1,0,0,1,1,0,1,0,1,1,0,0,1,0,1,0,1,0,14.0,1.0,12.432
1,0,1,0,1,0,1,0,0,1,1,0,0,1,0,1,0,0,1,0,0,1,1,0,1,1,0,0,12.0,1.0,11.66
1,0,1,0,0,1,0,0,1,0,0,1,1,1,0,1,0,0,0,0,1,1,0,1,1,0,0,0,22.0,1.0,10.09
0,0,1,0,1,1,1,1,0,1,0,1,1,1,0,1,0,0,0,1,0,0,0,0,1,0,0,1,14.0,1.0,13.33
0,1,1,1,0,0,0,0,0,1,1,1,0,1,1,0,1,1,0,1,1,0,0,0,0,1,1,0,23.0,2.0,10.813
1,1,0,1,1,1,0,1,1,0,0,1,0,1,1,0,1,0,1,0,1,0,0,1,0,0,0,1,10.0,0.0,13.796
0,0,0,1,0,0,0,1,0,0,1,0,1,1,1,0,0,1,0,0,0,0,0,0,1,0,1,1,23.0,1.0,10.067
1,1,1,1,1,1,1,1,1,1,1,1,1,0,1,1,1,0,1,0,0,0,1,1,1,0,1,0,7.0,2.0,18.652
0,1,0,0,0,0,1,0,1,0,0,0,1,1,0,0,0,1,1,1,1,1,1,1,1,1,1,1,24.0,1.0,9.682
0,1,0,1,0,0,1,1,1,1,0,1,0,0,1,0,0,1,1,0,0,0,0,0,1,1,0,1,20.0,2.0,12.286
1,0,1,0,0,1,1,0,1,1,0,1,1,0,1,0,1,1,0,1,1,0,0,1,0,1,0,1,15.0,3.0,12.266
0,0,0,0,0,1,0,1,0,1,1,1,1,0,1,1,0,1,1,1,1,0,1,0,0,0,0,1,14.0,3.0,12.229
0,1,1,0,1,1,1,1,1,1,0,1,0,1,0,1,0,1,0,0,0,1,1,0,0,0,0,0,13.0,1.0,14.152
0,0,0,0,0,0,0,0,1,0,1,1,1,1,0,1,1,1,1,0,1,1,1,1,0,0,0,1,20.0,1.0,10.223
0,0,1,0,0,0,0,0,1,0,1,0,1,1,1,1,1,1,0,1,0,0,0,0,1,1,1,0,19.0,2.0,11.53
1,1,0,0,1,0,0,1,1,0,1,0,1,0,1,0,1,0,1,1,1,1,1,0,0,0,0,0,20.0,0.0,10.816
0,1,1,0,0,1,1,0,0,0,0,0,0,1,1,0,1,1,1,0,0,1,0,1,1,0,0,1,19.0,0.0,9.881
0,1,1,0,1,1,1,0,1,1,0,0,1,0,1,0,0,0,0,0,1,0,1,1,1,0,0,1,21.0,2.0,9.582
1,1,1,1,1,1,0,1,1,0,0,0,1,0,1,0,0,1,0,1,1,0,1,1,0,0,1,1,14.0,0.0,13.947
0,1,1,1,1,1,0,1,1,1,0,0,1,0,0,1,1,1,0,0,0,1,1,0,0,0,0,1,11.0,0.0,15.352
0,0,1,1,1,0,1,1,0,1,1,0,0,1,0,0,0,0,0,0,0,1,0,0,0,1,0,1,25.0,1.0,9.62
0,1,0,0,0,0,0,1,1,1,1,1,0,1,0,0,1,1,0,0,1,0,0,0,1,0,1,0,21.0,2.0,10.259
0,0,0,1,0,0,1,0,0,1,0,0,1,0,0,1,0,0,0,1,1,1,1,1,1,0,0,0,23.0,1.0,8.715
1,0,1,1,0,0,0,0,0,0,1,0,0,0,1,1,1,1,1,0,1,1,1,0,0,1,0,0,14.0,1.0,11.903
1,0,1,1,1,0,1,0,0,0,0,1,0,0,0,0,1,0,1,0,0,1,1,0,1,1,1,1,19.0,1.0,11.724
1,0,0,0,0,1,1,0,1,0,0,1,0,0,1,0,0,0,1,1,1,1,1,0,0,0,0,0,24.0,1.0,7.745
0,0,1,0,0,1,0,0,0,1,1,0,1,1,0,0,0,1,1,0,1,1,1,1,1,1,1,1,19.0,2.0,11.391
1,1,1,0,0,1,1,0,0,1,1,1,0,0,0,0,0,1,1,1,1,1,1,1,0,1,1,0,23.0,3.0,11.41
1,0,0,1,1,0,0,1,1,1,1,0,0,0,1,1,1,0,0,1,0,1,0,0,1,0,1,1,11.0,0.0,13.389
0,1,1,0,1,0,1,1,1,1,1,1,0,1,1,0,1,0,1,0,1,0,1,1,1,0,0,0,17.0,2.0,12.891
0,0,1,1,1,0,0,0,1,1,1,0,1,0,1,0,0,0,0,1,1,1,1,1,0,0,1,0,17.0,0.0,10.106
1,0,0,1,1,1,1,1,0,0,0,0,1,1,0,0,0,1,0,0,1,0,1,0,1,1,0,0,15.0,0.0,12.403
0,0,0,0,0,0,0,0,0,0,0,0,1,0,0,1,0,1,1,0,0,1,0,0,1,0,1,1,26.0,0.0,7.132
0,1,1,1,0,0,0,1,1,0,0,1,1,1,1,0,1,0,0,0,1,1,1,1,0,1,1,0,17.0,1.0,13.862
0,0,0,0,0,1,0,0,0,1,0,1,0,1,0,1,1,1,1,0,1,1,1,0,1,1,1,1,19.0,1.0,11.176
0,1,0,1,1,0,1,1,0,0,1,1,1,1,1,0,0,0,1,1,1,0,0,1,1,1,0,1,16.0,2.0,12.421
1,0,1,1,1,1,0,1,0,1,0,1,0,0,0,0,0,1,0,0,0,0,0,1,1,0,0,1,19.0,2.0,11.781
1,1,0,0,1,0,0,0,0,1,0,0,0,1,1,0,0,0,0,1,1,0,1,0,1,0,0,0,25.0,1.0,6.66
0,0,1,0,0,1,0,0,1,1,1,1,1,0,0,0,1,1,0,0,0,0,1,1,0,0,1,0,23.0,4.0,10.218
1,1,1,1,0,0,1,1,0,1,0,1,0,1,1,0,0,1,0,1,0,0,0,1,1,1,1,0,16.0,1.0,13.654
0,1,1,1,1,0,1,1,1,1,1,0,0,0,1,1,0,1,0,0,0,0,1,1,0,0,0,0,16.0,1.0,12.914
0,0,0,0,1,0,1,1,1,0,0,0,0,1,0,0,0,1,0,1,1,0,0,1,0,1,0,0,23.0,1.0,7.098
1,0,1,1,1,1,0,1,1,1,0,1,0,1,1,1,0,1,1,1,0,1,1,0,0,0,1,1,6.0,0.0,16.888
0,0,0,1,0,0,1,0,0,0,0,0,0,1,0,0,0,1,0,0,0,1,1,0,1,1,1,1,24.0,0.0,8.431
0,1,1,1,0,0,1,0,1,1,0,1,0,0,0,1,1,0,0,0,0,1,1,1,0,0,0,0,19.0,2.0,11.497
1,0,0,1,0,1,0,0,1,0,1,0,1,0,0,0,1,0,0,1,0,1,0,1,0,1,0,1,18.0,1.0,9.788
0,1,1,0,0,0,0,0,0,0,0,0,0,0,1,0,1,0,0,0,0,0,0,1,0,0,0,1,29.0,0.0,6.041
0,1,0,1,0,0,0,1,1,1,0,0,0,1,1,1,0,0,1,1,0,0,0,1,1,0,1,1,19.0,0.0,12.243
1,0,0,1,1,1,0,1,0,0,0,0,0,0,1,1,0,0,0,1,1,1,1,1,1,1,1,0,16.0,1.0,12.052
1,1,1,1,1,1,1,0,0,0,0,1,1,1,1,1,1,1,0,1,0,0,0,1,1,1,1,0,11.0,1.0,15.354
0,0,0,1,1,1,1,0,1,0,1,0,0,1,0,1,1,0,0,1,1,0,0,0,1,0,1,0,12.0,1.0,11.228
0,1,1,0,1,0,1,1,1,0,0,1,1,1,0,1,0,0,0,0,0,1,1,0,0,1,0,1,17.0,1.0,13.173
0,1,0,1,1,1,1,0,1,0,1,1,0,1,0,1,0,1,0,0,1,0,0,0,1,0,1,1,16.0,1.0,12.372
0,0,0,1,0,0,1,1,0,1,0,1,0,0,1,1,0,0,0,0,1,0,1,1,0,1,0,0,16.0,2.0,10.557
1,1,0,1,1,0,1,0,1,1,1,0,1,0,0,0,1,0,1,1,1,0,1,0,1,0,0,1,11.0,1.0,12.916
0,1,0,0,0,1,0,1,0,0,0,1,1,1,1,0,0,0,0,0,1,0,1,0,0,1,0,1,23.0,1.0,9.825
1,0,1,1,1,0,1,0,0,1,1,1,0,0,0,1,0,1,0,1,0,1,0,1,1,0,0,0,19.0,2.0,10.74
0,0,1,1,1,1,0,1,0,0,1,1,1,1,1,0,0,0,0,0,1,1,1,0,0,0,0,1,21.0,1.0,11.481
0,1,0,0,0,1,1,0,1,0,1,0,1,0,0,0,0,0,0,0,1,1,0,0,1,0,1,0,27.0,0.0,7.074
1,1,1,0,0,1,1,0,1,1,0,0,0,0,1,0,0,0,0,0,1,0,1,0,0,0,1,1,25.0,1.0,9.398
0,0,1,1,0,0,1,1,1,0,1,1,1,0,1,1,1,1,1,1,1,0,0,1,0,1,0,1,12.0,3.0,15.022
1,1,0,0,0,1,0,1,0,0,1,1,1,0,1,1,0,0,0,0,0,1,1,0,0,1,0,0,18.0,2.0,11.491
0,1,1,0,1,0,0,0,0,0,1,1,0,1,0,0,0,1,1,1,0,0,0,1,1,0,0,1,23.0,2.0,8.569
0,0,0,1,0,0,0,0,0,1,0,1,0,0,1,0,1,0,1,0,0,1,0,0,1,1,0,1,21.0,2.0,8.946
0,1,1,1,1,0,0,0,0,1,0,1,1,0,0,0,1,0,0,0,0,0,0,0,1,1,0,0,21.0,1.0,10.319
0,0,0,0,0,0,0,0,1,1,0,1,0,1,1,0,0,0,1,0,0,0,0,0,1,1,0,1,28.0,2.0,6.946
1,1,0,0,0,1,1,1,0,1,0,1,0,0,1,0,1,0,1,1,0,1,0,0,0,1,0,0,17.0,3.0,11.825
0,0,1,0,1,0,0,0,0,0,1,1,1,1,0,1,1,0,1,0,0,1,0,0,1,1,0,1,19.0,0.0,11.215
1,1,0,1,0,1,1,1,0,1,1,0,1,1,0,0,0,1,0,0,0,0,0,0,0,0,1,1,21.0,1.0,13.466
0,1,1,0,1,0,1,1,0,1,0,0,1,1,0,0,1,0,1,0,0,1,1,0,1,1,1,1,18.0,1.0,13.632
0,1,1,0,1,1,1,0,1,0,0,0,1,1,1,1,0,0,1,0,0,0,0,0,1,0,0,0,23.0,0.0,10.715
1,0,0,0,0,1,0,0,0,1,1,1,1,1,1,0,0,1,1,0,1,0,0,1,1,0,1,0,18.0,2.0,9.994
1,1,1,1,0,1,0,0,0,1,1,1,0,1,0,0,0,1,0,0,1,0,1,1,0,1,0,1,18.0,2.0,11.617
1,0,1,1,1,1,1,1,0,1,1,1,0,0,1,1,0,1,0,1,1,0,1,1,0,0,1,1,9.0,2.0,15.449
1,0,0,0,0,1,0,1,1,1,1,0,0,0,1,1,1,0,0,0,0,1,1,0,1,1,0,1,13.0,2.0,12.993
1,1,1,1,0,1,1,1,1,0,1,1,1,1,1,0,0,0,0,0,0,0,0,1,0,0,1,0,19.0,1.0,13.737
1,1,0,0,1,0,1,0,1,1,0,1,1,0,1,1,0,0,0,1,1,0,0,1,0,1,1,0,14.0,3.0,11.746
0,1,1,1,1,1,0,1,0,0,0,1,0,0,1,0,1,1,1,1,0,1,1,1,1,1,0,1,11.0,2.0,14.175
0,1,0,1,1,1,0,1,1,0,0,0,1,1,0,1,0,1,0,0,1,0,0,1,0,1,1,0,15.0,1.0,13.562
1,1,1,0,1,0,1,1,1,1,1,1,1,0,1,1,0,0,1,0,1,1,0,1,1,1,1,1,12.0,3.0,16.597
0,0,1,1,0,1,1,0,1,1,0,1,0,0,1,0,1,0,1,1,1,0,0,1,1,0,0,1,13.0,1.0,11.479
0,1,0,1,0,1,0,1,1,0,1,1,1,1,0,1,0,1,0,0,1,1,0,1,1,0,1,1,15.0,1.0,14.993
1,0,1,0,0,1,0,1,1,1,0,0,1,1,0,1,0,1,0,1,1,1,0,1,1,0,1,1,15.0,2.0,14.59
0,1,1,0,0,0,0,1,1,1,0,0,0,1,0,0,1,0,1,0,1,0,0,0,0,1,0,1,26.0,1.0,10.634
1,0,1,0,1,0,0,1,0,1,1,0,0,0,0,0,1,1,1,1,0,0,1,0,1,0,1,1,22.0,2.0,11.658
1,0,0,1,0,0,1,0,1,0,1,0,0,1,0,0,0,0,0,0,0,1,0,0,0,0,1,1,27.0,0.0,7.986
1,1,1,0,0,1,1,1,1,1,0,1,0,1,1,0,1,0,1,0,0,1,1,1,1,0,0,0,12.0,1.0,14.881
0,0,0,1,1,0,0,1,1,1,1,1,1,0,0,1,0,1,1,0,0,1,1,1,0,0,1,0,12.0,2.0,13.598
1,0,1,1,1,1,1,1,1,1,0,1,1,0,1,1,1,1,0,1,1,1,0,1,1,0,0,1,4.0,1.0,17.729
1,0,1,0,1,1,1,1,0,0,0,0,1,1,1,1,1,0,0,0,1,1,1,0,1,0,1,0,13.0,0.0,14.716
1,1,0,1,0,0,1,1,0,0,0,1,0,0,1,0,1,1,0,0,1,1,0,1,0,0,0,1,16.0,1.0,11.845
1,1,0,1,1,0,1,1,1,1,0,0,0,0,1,1,1,1,0,0,0,0,0,0,0,1,1,1,20.0,1.0,14.194
1,0,0,0,0,1,0,0,0,1,1,0,1,0,0,1,0,0,0,0,1,1,0,1,1,1,0,1,23.0,2.0,8.692
0,0,0,0,0,0,1,1,1,0,0,1,1,0,1,0,1,1,0,0,0,0,1,0,1,1,0,0,22.0,2.0,9.999
1,0,0,0,1,1,1,1,0,0,0,1,0,0,0,0,1,0,0,0,1,0,1,0,0,1,0,0,20.0,1.0,9.97
0,0,0,0,1,0,0,1,1,0,0,0,1,0,0,0,0,0,0,0,1,1,1,0,0,1,0,0,31.0,1.0,6.061
1,1,1,1,0,1,0,1,1,0,1,1,1,1,0,1,1,0,0,1,1,1,1,0,1,1,0,0,9.0,0.0,17.204
0,0,1,1,0,0,1,1,1,1,1,1,0,1,0,0,0,0,1,0,0,0,0,0,1,1,0,0,21.0,1.0,11.778
0,0,0,0,1,0,0,0,0,1,1,0,0,1,1,0,1,0,1,0,0,1,1,1,0,0,0,0,24.0,1.0,6.179
1,1,1,1,0,0,0,1,0,0,1,1,1,1,0,1,1,0,1,0,1,1,0,1,1,1,1,0,14.0,1.0,15.901
0,0,0,1,1,0,0,0,0,0,0,1,0,0,1,0,1,1,1,0,1,1,1,1,0,1,0,1,21.0,2.0,9.244
0,1,1,0,1,0,0,1,0,0,1,0,1,0,1,0,1,1,1,1,0,1,0,1,1,0,1,1,15.0,0.0,12.316
1,0,0,0,1,0,1,1,0,0,0,1,1,1,1,0,1,1,1,0,1,0,0,0,1,0,1,1,16.0,0.0,12.544
0,1,1,1,1,0,0,1,1,1,0,1,0,0,1,0,1,1,1,0,1,1,0,0,0,0,1,0,18.0,1.0,13.379
1,0,0,1,0,1,1,1,1,1,1,0,1,1,0,0,0,0,0,1,1,0,1,0,0,1,1,1,12.0,1.0,14.508
